x1,x2,y1,y2,y3,y4
4.8534093,0.49476197,0.6255996,0.5649961,0.23607835,0.12665378
0.9306797,14.99583,0.93924713,0.44898033,0.05681536,0.054181613
2.2126007,8.56791,0.82172275,0.506013,0.16145054,0.06030414
0.13894749,4.3539,0.9396365,0.5318842,0.042326327,0.027698062
1.2844464,0.5344491,1.035279,0.72583115,0.044729043,0.0218995
1.2168342,6.2219443,0.89580303,0.52841824,0.103022605,0.04743281
3.4854045,4.4822216,0.76171,0.57740843,0.24844323,0.08588806
3.088411,3.148137,0.7727902,0.57262504,0.21873163,0.08594349
1.1493672,13.410818,0.9168212,0.46194455,0.07427769,0.054681495
2.1612854,8.343799,0.82573134,0.50841445,0.15874532,0.059744462
4.7209687,2.9165738,0.6802406,0.57498574,0.27886668,0.11702539
6.7893887,1.9792404,0.6095228,0.53299063,0.24794227,0.14133398
2.23199,9.622974,0.82138824,0.4953648,0.15854505,0.06078846
2.4578228,9.114326,0.8015808,0.4994959,0.17658104,0.06259519
1.6999915,11.539335,0.86871517,0.4782374,0.11518959,0.057406627
6.2837663,2.172582,0.63418883,0.5436193,0.2287545,0.12708224
3.627186,0.43654454,0.7288728,0.60670644,0.16999641,0.08849264
2.2911563,4.1593623,0.7837451,0.54177296,0.17091075,0.07032231
2.3331313,2.962186,0.8190577,0.58182997,0.17379068,0.07553748
3.5603654,4.7921743,0.7659669,0.58117765,0.24973471,0.08506664
0.059888817,11.572638,0.9852232,0.47963983,0.02929782,0.046102125
0.03965687,15.106031,1.0005674,0.46909073,0.047231954,0.048878577
2.4572544,3.8388577,0.80022997,0.5616357,0.17942949,0.07566716
1.1387105,0.89794403,1.0383657,0.69410414,0.0119947335,0.02112347
0.9519513,13.398337,0.9320394,0.46249712,0.063345864,0.05347463
3.3883624,0.86897385,0.74925417,0.5851589,0.15238176,0.08233399
2.0804086,2.8749204,0.8617403,0.58894384,0.13781235,0.06942729
0.52496964,4.3734417,0.9297988,0.535195,0.064318635,0.03167007
0.32590538,7.65998,0.9589124,0.51382446,0.05122264,0.041540228
1.9566413,1.8492697,0.847286,0.59160733,0.14085111,0.06736936
2.6871817,3.9859855,0.8024379,0.57572097,0.19535066,0.078185834
4.6546926,2.5202906,0.66830933,0.5643926,0.25521138,0.11116256
2.3973339,6.6226387,0.80270416,0.52391416,0.18170829,0.0614682
0.88589877,11.5417595,0.93289036,0.47994876,0.066939384,0.051755052
0.11758015,9.535393,0.9763974,0.49723157,0.037339766,0.043554716
1.1491635,0.5004457,1.0557089,0.73783314,0.029171841,0.016558696
3.121996,0.59640783,0.7846362,0.61782795,0.13868493,0.07321617
1.825674,4.60932,0.8336559,0.54053533,0.13428116,0.056179825
2.8854818,3.8222628,0.79222363,0.5810833,0.21150585,0.081298664
1.0011473,7.408251,0.9151616,0.51829696,0.087097816,0.047577493
1.4357096,3.2254403,0.8870101,0.5628309,0.0871665,0.04924393
0.062316302,10.121322,0.981037,0.49194002,0.033401128,0.044101134
3.1174111,4.2551994,0.7819848,0.57999647,0.22586225,0.082488626
1.2807977,13.290159,0.90612686,0.46272212,0.08237292,0.055426758
0.5258924,8.751994,0.95078856,0.50545454,0.05786944,0.04558346
2.012921,0.016841551,0.88175136,0.68290997,0.05682891,0.017026544
0.9216262,9.209704,0.92535764,0.5019657,0.07713186,0.04962746
1.1142595,3.6294715,0.8793891,0.54184574,0.088054225,0.04138231
1.0186268,11.276442,0.92249745,0.482334,0.07520137,0.052466165
0.6908132,3.0406623,0.9331102,0.5534211,0.046376962,0.028847374
1.0484962,0.07119435,1.0403554,0.779322,-0.010662628,-0.025277233
0.29501465,7.467311,0.95982856,0.5151611,0.050234467,0.040767252
3.5083559,1.2318135,0.72793865,0.5523932,0.16197707,0.08981681
0.9511771,13.359272,0.9320085,0.46285865,0.06345836,0.053447116
3.2703657,5.0511575,0.7809381,0.5812742,0.23254548,0.08064376
6.4327707,1.5524948,0.60114014,0.53099054,0.25771505,0.14625579
1.1180952,12.096781,0.9165387,0.47436723,0.07768139,0.053735882
0.57349366,1.5802467,1.0026748,0.60221356,-0.040863108,0.01821038
1.644772,6.2165747,0.8633407,0.52885705,0.13071387,0.05233468
8.51865,0.020649098,0.54261345,0.5784049,0.4064504,0.28813323
0.04332635,4.8479476,0.94865745,0.5291793,0.03891633,0.029134903
1.3236892,3.5348537,0.87353873,0.5489484,0.09182863,0.04617981
1.2009026,10.055623,0.9063081,0.4938545,0.09015522,0.05279006
1.6146495,2.8066082,0.9070498,0.5846901,0.083783455,0.055032615
1.2299972,12.577945,0.9087366,0.46956056,0.08224449,0.05475235
0.29170698,10.369872,0.96939194,0.49041587,0.042030822,0.046201468
11.611453,0.17206937,0.4954995,0.5515504,0.5492138,0.442852
1.9147696,10.1601305,0.8488272,0.49118304,0.13474853,0.0584276
4.8944693,0.2526114,0.6171917,0.5714452,0.2441395,0.13140213
0.1133756,3.4371176,0.9180226,0.5336286,0.035207856,0.023359163
2.4563553,0.1376892,0.81127566,0.6354903,0.10880571,0.051892556
9.599244,0.05372059,0.51222706,0.5574224,0.46262068,0.3446753
1.7731413,0.08291794,0.93136096,0.705037,0.03619927,0.006760244
5.747277,1.0200372,0.6270382,0.56204665,0.24609634,0.13963045
2.5141892,2.3408782,0.783756,0.5646767,0.18708768,0.08062893
5.2605762,3.435559,0.67097163,0.5840417,0.30793968,0.12238139
0.31050822,7.310047,0.95835936,0.5164556,0.051269382,0.040512655
4.124942,0.15098155,0.6700102,0.59559673,0.201457,0.10253452
2.3429873,4.379027,0.78245693,0.54096663,0.17574736,0.07023495
3.3279772,0.8950634,0.7532356,0.5839698,0.14963217,0.081102096
1.9304942,3.2670262,0.8633338,0.5731121,0.12129808,0.06426785
9.814851,0.27757493,0.51180494,0.5603349,0.4608298,0.33744472
3.0516427,6.0628805,0.7879594,0.55699295,0.20941488,0.07240691
0.5325148,11.226597,0.956736,0.4829435,0.050111234,0.048993684
2.614877,3.7540128,0.80945534,0.5796489,0.19036642,0.078068174
1.771082,2.6146736,0.90884054,0.5965103,0.095870934,0.06039712
3.9827387,2.6055644,0.7247671,0.5782411,0.2533011,0.10812641
1.6930414,3.3601136,0.86281246,0.56214046,0.10616113,0.05651795
0.9930191,2.7392874,0.94048023,0.5725761,0.041209757,0.03531664
1.9806061,0.64974314,0.92279947,0.6611747,0.08618925,0.050500546
5.6834917,0.055929665,0.6100114,0.59262246,0.26995665,0.15595323
2.6142755,4.0392275,0.79329944,0.565327,0.19279583,0.07714639
4.613257,4.0360203,0.70335835,0.5705286,0.30530027,0.098807745
0.03695034,4.90016,0.9496299,0.52888733,0.03877858,0.029285584
1.1484427,4.0753713,0.8841668,0.54096085,0.09452322,0.042116582
1.4973361,8.07956,0.8795193,0.5124675,0.1152591,0.053359557
3.5619817,6.417216,0.7777986,0.5765676,0.24541377,0.076744966
0.38353544,13.132472,0.9697088,0.46749565,0.039387967,0.049734324
2.5628483,6.6782227,0.79497015,0.5269328,0.18867911,0.06360527
2.0698135,1.0295931,0.89356744,0.6243264,0.11344821,0.061934173
9.448603,0.36254323,0.52508545,0.569267,0.43648833,0.31204802
0.82755333,3.675712,0.9021692,0.53977025,0.075198404,0.034477104
4.2338724,4.8001637,0.7301376,0.5700854,0.28402567,0.09225077
3.4687142,2.3343,0.7516436,0.57776356,0.23324707,0.099953145
4.2245464,2.6830678,0.7087179,0.57640135,0.26089668,0.11167223
1.4649664,10.758992,0.8867217,0.48655775,0.10346324,0.055322204
0.2827103,0.051333018,1.0400583,0.7725632,-0.10862271,-0.043520264
2.9786077,2.298946,0.7660049,0.5621526,0.20719372,0.08690409
3.6745043,4.7510266,0.75600713,0.5770428,0.2574611,0.08672258
4.450355,3.9920106,0.71278155,0.5701498,0.29448876,0.09748862
0.88770354,15.802248,0.95092493,0.44823176,0.05998202,0.054228295
1.9515122,1.3745517,0.84744483,0.58803916,0.12996325,0.06466361
2.8000877,2.6448908,0.77823275,0.56813586,0.20182216,0.083747886
9.1157,0.9308505,0.56125,0.59168655,0.3726188,0.24562876
6.2725487,2.551406,0.642792,0.5806981,0.25074992,0.12094482
2.4358692,1.2565737,0.80405134,0.5684863,0.14282721,0.07473144
3.2403665,5.3261285,0.7746641,0.57406676,0.23026294,0.07902432
3.5309694,2.495144,0.75088483,0.5791242,0.2396359,0.09841552
1.498294,11.906798,0.8859261,0.4752819,0.10102536,0.05618235
0.57825506,13.247566,0.9586873,0.4643861,0.04479439,0.05109801
0.7028599,2.957112,0.9382463,0.5569191,0.042445883,0.028699778
1.6370158,10.022405,0.8716116,0.49338436,0.11712113,0.05618127
0.32232136,12.037579,0.9720862,0.47537115,0.0376012,0.048408028
0.8133449,5.85907,0.9221065,0.5296442,0.07971873,0.04177099
4.564999,1.0767109,0.6403908,0.5358281,0.21009569,0.110412195
0.9106207,12.422474,0.9329567,0.47163364,0.06492699,0.052591655
5.62258,2.123643,0.6322275,0.5329835,0.22506931,0.11698732
0.026581306,2.2193303,0.95431715,0.5557505,-0.024008727,0.011944287
3.7759638,0.4426366,0.71424395,0.6009819,0.17823529,0.09292352
2.4020815,1.7975308,0.77950335,0.55504847,0.17595707,0.0795095
5.147013,0.00022069676,0.61945504,0.5933261,0.24508063,0.13134557
0.5269859,9.615224,0.953073,0.4977335,0.055290807,0.046954412
0.07587224,6.110013,0.96363,0.5227507,0.04271096,0.0342043
3.3340774,5.9208026,0.7781231,0.5726096,0.23151849,0.0764098
0.020389928,0.2667629,1.0801592,0.766286,-0.16959602,-0.0564389
0.76949495,0.981654,1.0624522,0.6712881,-0.05193244,0.010700183
9.487902,0.18510932,0.5180115,0.56202585,0.45068192,0.32988253
10.029203,0.162211,0.50279194,0.5516283,0.47894832,0.35896775
1.4246812,5.467275,0.87747383,0.534331,0.11792821,0.048100702
1.1360495,13.172871,0.91735315,0.46419078,0.07447038,0.0544774
1.3571175,3.4210982,0.8789273,0.55398965,0.087800935,0.046793524
0.25289872,3.619142,0.92461616,0.5347355,0.045321513,0.024843534
0.7579696,12.582246,0.94446313,0.47032806,0.056284882,0.051723864
0.67933685,6.7876315,0.93466496,0.52233744,0.070679456,0.04291572
0.8313993,0.26922485,1.0671327,0.77361286,-0.032534737,-0.0181981
0.63915306,9.888149,0.94646716,0.49541476,0.059948023,0.048215527
0.009100063,6.838789,0.97055495,0.51763034,0.039168514,0.036092073
4.8632083,0.59458023,0.63010234,0.5638281,0.23212004,0.124342725
2.3498282,3.3589568,0.82807165,0.5787905,0.166057,0.07472684
1.521541,1.1791426,0.945038,0.6443043,0.0800568,0.047535002
0.3977616,12.868431,0.96937084,0.46822077,0.0383863,0.049663633
3.83556,2.5131502,0.7318613,0.5778096,0.24682315,0.10609155
3.1212945,0.14856008,0.7676425,0.63119805,0.14420879,0.071535975
0.6776184,3.6449862,0.9123212,0.5384727,0.068375275,0.030842597
4.6359124,2.8151712,0.6826507,0.57362324,0.2719726,0.11558479
3.9664345,2.730318,0.73259014,0.58227473,0.25873154,0.10608111
3.2431285,1.7474515,0.741073,0.557866,0.18702142,0.091351636
3.9140418,3.5798924,0.73905754,0.56964797,0.2610675,0.09386451
4.6049514,0.75972277,0.6484242,0.56266975,0.21408397,0.112200685
0.7772373,15.372277,0.95491654,0.45181197,0.055795293,0.053414173
11.196418,0.14783265,0.49461165,0.545679,0.5336602,0.42503116
0.17165221,9.839808,0.97452897,0.49478352,0.038625944,0.044491533
2.155081,6.092054,0.82045615,0.52936393,0.16433151,0.058791287
5.6858373,2.513639,0.64366466,0.5772971,0.25386485,0.11469983
1.2887284,13.350467,0.90561485,0.46213597,0.08259645,0.055502772
0.34931204,4.385089,0.9387667,0.5333034,0.055128224,0.029269924
9.92235,0.015295325,0.50238925,0.54984564,0.48123348,0.36461386
5.2449303,3.0765517,0.65941584,0.57933694,0.29205468,0.12029801
0.78342885,5.1035204,0.9199562,0.534061,0.078834556,0.038704284
0.38767943,8.790556,0.95925474,0.5046826,0.051172707,0.04446283
2.796388,1.1680523,0.79279673,0.5740639,0.13817601,0.08025543
0.60304475,0.37859142,1.073898,0.7556688,-0.07381384,-0.022132406
0.39717987,4.6475325,0.938609,0.5329561,0.057837673,0.031436466
1.6191028,8.800604,0.8711368,0.50540924,0.120536774,0.055161253
1.5607244,10.74049,0.8789364,0.4865023,0.109506264,0.056019917
4.0136538,5.602271,0.77514577,0.59246004,0.2590191,0.08538636
0.41923347,1.441901,0.98546565,0.59049547,-0.059469793,0.010979794
1.9830177,1.493549,0.83450145,0.5807276,0.13910703,0.06765236
3.589502,6.1350603,0.77226645,0.58195686,0.24460235,0.07802708
1.9811143,1.000335,0.9123795,0.6355705,0.10793766,0.058611147
0.82810026,2.9646094,0.93292683,0.5598462,0.046773378,0.03198762
0.64243037,10.096454,0.9467493,0.49349403,0.0594174,0.048504833
0.7595855,14.207307,0.94833255,0.45549655,0.05001055,0.052808337
3.147883,3.8077915,0.7758295,0.57857,0.22723785,0.08459654
2.7986796,5.8984885,0.78836644,0.54661626,0.18960895,0.069096036
1.2690796,5.6230884,0.8896283,0.532929,0.10756888,0.046570696
3.029824,7.4379435,0.79688257,0.53885096,0.20656668,0.06651779
2.5306942,8.050147,0.79683864,0.5111607,0.1853268,0.06301061
11.4576025,0.29256248,0.49750507,0.5565443,0.53131586,0.417997
8.782206,0.31280935,0.5396109,0.57430154,0.40993324,0.2872072
0.06762478,1.1105134,0.997191,0.5878153,-0.11358717,-0.01386027
0.81537724,14.647015,0.94453734,0.4524833,0.05281441,0.053329837
5.1574273,3.6615517,0.6783498,0.5841235,0.31930512,0.11732329
0.068902366,6.187292,0.9643912,0.5222362,0.042354126,0.034424387
1.844578,0.8755283,0.94892794,0.6620036,0.095555425,0.052369222
4.537626,0.77388835,0.6537527,0.5634958,0.21040036,0.110429965
5.894501,1.3408965,0.6126555,0.5367528,0.2462797,0.13820332
1.1965138,9.345273,0.9053061,0.50068194,0.09242494,0.052071042
2.4266279,5.1449523,0.7849369,0.5365719,0.17516653,0.06705383
2.978228,3.428101,0.779754,0.5765931,0.21670392,0.083841145
2.6455598,0.4107727,0.82152146,0.63597953,0.11994114,0.06143434
0.19952792,5.434946,0.9538457,0.5275631,0.048474234,0.03281217
1.7022278,10.395876,0.86681867,0.48951304,0.11986754,0.056897104
0.37025127,15.952422,0.9896485,0.45969227,0.053406343,0.05132093
0.13788603,12.829203,0.9808114,0.47357404,0.03572514,0.04779598
2.3990722,8.001089,0.80521446,0.510863,0.17695352,0.06185859
3.079518,0.86967164,0.7760987,0.5918673,0.14047055,0.07708957
3.3493073,2.445314,0.7553788,0.5728847,0.2291198,0.09408494
0.087824285,0.67358553,1.0536635,0.68462247,-0.16445914,-0.041686688
1.1252966,2.057004,0.9778458,0.6030991,0.021747721,0.03634281
1.2720982,9.944299,0.90060294,0.49484634,0.094785705,0.053250432
3.1516852,0.408966,0.77461326,0.623408,0.14524053,0.075070255
5.539438,0.6227381,0.6237523,0.5735005,0.25390005,0.14499585
10.317973,0.4156507,0.5083678,0.56340593,0.4703543,0.34479123
1.6480519,7.688225,0.86677086,0.51595616,0.1263302,0.054372624
3.0169694,5.88573,0.7869454,0.55738723,0.21136302,0.07301872
0.51439506,13.968496,0.962058,0.4614964,0.044774517,0.051096212
8.324407,0.7017421,0.5701353,0.58767843,0.35848495,0.23666576
3.5132813,0.72690165,0.74493194,0.5961981,0.1578507,0.084163934
3.8669057,0.86676216,0.7083733,0.5740745,0.17538394,0.09362934
1.8881032,5.3034286,0.8366545,0.5360458,0.14351258,0.055812918
0.53574675,0.91839546,1.0799892,0.6704473,-0.09507386,-0.0031966974
4.5193534,3.1938486,0.7097843,0.5851805,0.28827888,0.11128968
1.7715266,8.806013,0.85876215,0.5050324,0.13047276,0.056502867
2.5414722,5.5444736,0.78547466,0.5372691,0.17927462,0.066990905
3.6492782,0.061832078,0.7185959,0.6207922,0.17020386,0.083478205
6.619883,1.2844944,0.610363,0.55814993,0.26736152,0.15624091
2.500392,3.6978147,0.81536996,0.5744612,0.17810686,0.076550476
1.5231944,6.7317476,0.87433624,0.52458316,0.121194735,0.05182222
1.1498039,10.05109,0.910208,0.49394846,0.08718126,0.05238752
1.6303155,0.6058675,0.9868525,0.6944703,0.06919867,0.03643074
4.8714714,2.3640637,0.6442924,0.5559176,0.24973072,0.10892639
2.7682548,1.9222043,0.76954156,0.5599441,0.19490829,0.08631318
2.1997955,9.969968,0.82453275,0.49200082,0.15489015,0.060611505
4.361391,0.9386835,0.66279876,0.5538554,0.20040917,0.10589054
0.92713493,1.8636987,0.99669254,0.6043723,-0.0006146759,0.027633902
4.5995755,3.0761702,0.6979367,0.5807468,0.28406632,0.11532012
2.0381868,9.731554,0.8379077,0.49503422,0.14477046,0.05924166
3.5512438,4.136615,0.7602099,0.5763164,0.24754886,0.08792003
2.2289739,5.571492,0.8080651,0.5337553,0.16416004,0.061508816
0.34758508,3.322924,0.9176244,0.5358453,0.048457872,0.024197798
2.0488505,3.5751216,0.8331597,0.56027514,0.13946237,0.06682772
7.1190095,0.56848836,0.5919037,0.5850825,0.31812003,0.20203753
0.5614619,0.936654,1.0769738,0.6693906,-0.08958767,-0.000945631
1.013265,13.057852,0.92660695,0.4655289,0.06804451,0.05365217
2.6200292,3.0415404,0.7901981,0.5757502,0.19789092,0.08029319
0.1681196,8.970188,0.9719582,0.50227857,0.04101349,0.042935643
0.8365216,8.011542,0.92835134,0.5127324,0.07614019,0.047081377
2.1606183,4.528527,0.8023839,0.54070646,0.15967417,0.0644602
2.1207497,6.3467894,0.82538235,0.5271378,0.16329107,0.057987392
0.7795683,9.458359,0.9359214,0.49954286,0.06861992,0.048777606
5.3460875,3.1514714,0.66154635,0.5840716,0.29540268,0.121342085
0.5127071,10.419874,0.9560316,0.49035963,0.05196131,0.047921542
0.43492386,0.5953062,1.1003653,0.73312473,-0.1167626,-0.027087012
1.6901499,1.4649475,0.8811522,0.60337776,0.11304517,0.05870906
5.029574,0.5289569,0.6256099,0.5673829,0.24052186,0.1314355
1.5972551,3.0903094,0.88484,0.57034093,0.090628944,0.05447491
4.469684,0.04595095,0.6358359,0.5868387,0.21927819,0.10989019
0.82271594,0.76974595,1.0807731,0.71359164,-0.042778645,0.0074456693
11.561138,0.20749076,0.49611524,0.5530689,0.54368937,0.43520164
6.9810724,2.132187,0.61826366,0.54423,0.24506216,0.14039348
3.2808175,4.4209323,0.772505,0.5789133,0.23660927,0.08374854
0.5671606,10.486528,0.9526686,0.48980954,0.054364912,0.048409592
0.42452872,3.2305236,0.92173195,0.5397017,0.047522727,0.024925834
1.1450412,0.48977944,1.0559285,0.7393529,0.028115127,0.015502416
6.361257,2.3779259,0.6378567,0.5615936,0.23765965,0.1237895
1.3253226,8.088513,0.89291084,0.51248264,0.10444587,0.05175995
2.1702769,7.48716,0.82365066,0.5166688,0.16267438,0.05939199
0.77918506,13.992091,0.9463479,0.45739862,0.05187018,0.05279529
1.0301715,7.543761,0.91348165,0.51717883,0.08840636,0.048109967
2.1835375,0.235969,0.8632039,0.6565084,0.08765704,0.041902173
0.030885307,11.570572,0.9862699,0.48021093,0.029143663,0.045876212
0.6520391,6.1853004,0.93378997,0.5265887,0.07032363,0.040925436
0.5214888,10.531848,0.95574594,0.48934123,0.05200195,0.04812452
1.4970713,6.062957,0.87428355,0.5300369,0.12131836,0.050332874
0.7008698,10.902236,0.94465137,0.48602661,0.059584253,0.049853988
5.813832,2.2759967,0.63680905,0.550669,0.2346251,0.11805598
2.243994,2.0198717,0.8069509,0.57239276,0.16617818,0.075313486
5.1598845,2.7545345,0.64999807,0.5698645,0.27377453,0.11596733
3.4663365,0.70706266,0.7498847,0.5992522,0.1555087,0.08283339
3.8844714,3.4227574,0.7381277,0.57023704,0.26015633,0.094060935
1.9025744,5.9682426,0.8420867,0.5306773,0.14910272,0.05497219
2.6983263,2.4651594,0.7794267,0.56587964,0.19582626,0.08283402
1.5509617,8.139528,0.87539834,0.5118468,0.11848566,0.05392625
2.0297487,3.5877573,0.8322169,0.558815,0.13843486,0.06625484
0.7847965,3.7627673,0.90685475,0.53926885,0.074397855,0.033565585
2.6778483,4.5450664,0.77370036,0.55140793,0.19913977,0.07599681
2.7628987,1.890563,0.7697133,0.5603922,0.1945646,0.086750835
7.5456495,0.39481634,0.5741474,0.5835515,0.34768203,0.22878154
1.5597906,6.247486,0.8700618,0.5286045,0.12496655,0.05141064
2.1498792,8.067369,0.82628524,0.5111596,0.15902333,0.05950728
1.768428,9.596085,0.86020094,0.4972534,0.12727617,0.056981556
1.6796844,6.667222,0.8618836,0.5250806,0.13172875,0.05342944
8.401497,0.81527317,0.5734863,0.5897984,0.35300595,0.23072858
3.9369192,0.8983061,0.7010523,0.5693276,0.17883158,0.09541689
0.62258273,10.695381,0.9494965,0.48792148,0.056372922,0.04906115
0.48088297,1.0068896,1.0696146,0.6503187,-0.10223467,-0.0034548645
4.8979797,4.2081776,0.69084215,0.5731527,0.32229638,0.101807445
6.2058306,0.0902417,0.5997292,0.59206,0.29383323,0.1789867
1.6525446,8.783705,0.8684093,0.5055098,0.1227622,0.055440914
1.0804464,5.4867363,0.9024244,0.5332641,0.09603414,0.043841563
1.2665944,8.639342,0.89856315,0.5073519,0.09903735,0.05189568
0.98900074,6.710459,0.91378856,0.5240445,0.08816532,0.04602204
2.03371,6.7281847,0.8334473,0.52401835,0.15581961,0.057379242
1.8957728,8.773842,0.84848607,0.505024,0.13887951,0.057575494
3.8619606,4.116882,0.7459523,0.57254153,0.2612193,0.0912261
3.0318685,0.22157219,0.77777386,0.6311935,0.14146636,0.071161546
4.0112305,4.182982,0.73930657,0.5710236,0.26856774,0.09252361
3.6583374,4.583642,0.754264,0.5754904,0.25693566,0.087388314
8.352201,0.65337914,0.56718636,0.5866019,0.36337087,0.24142562
9.766521,0.34645578,0.5160188,0.56453776,0.45275468,0.32797706
1.918075,6.4843173,0.84228975,0.5263731,0.14856614,0.055834554
0.4671554,4.2242246,0.9315564,0.5350585,0.061028015,0.02995655
2.7971113,6.403312,0.7920679,0.5410023,0.19234562,0.067178406
1.8537164,6.4454355,0.8473882,0.5268002,0.14423959,0.055061247
8.192676,0.26041275,0.55353135,0.57897425,0.38472545,0.26420432
2.2132738,8.768958,0.8219284,0.5040113,0.16069566,0.060381558
1.0477437,6.8287177,0.91006196,0.52324045,0.09132992,0.046906665
0.10746248,11.057718,0.98155665,0.48382562,0.032136004,0.04579366
1.0979431,4.168286,0.8897044,0.5403547,0.093147814,0.04097045
7.807117,0.063087285,0.5619721,0.5862073,0.36989102,0.25196144
7.851317,0.0148276985,0.561165,0.5883583,0.37169236,0.25373602
0.6880616,15.360373,0.96141,0.45392427,0.054253723,0.052880775
6.7261143,0.36247358,0.5910179,0.583572,0.31407386,0.19784589
4.0586395,5.50091,0.76737064,0.5886303,0.26370075,0.08647598
1.2314999,1.6930631,0.9726647,0.6141732,0.034783065,0.039412107
0.23900096,15.040751,0.98836637,0.4648941,0.047600586,0.05002903
2.6057131,0.16171621,0.80330896,0.6349745,0.116880216,0.05668539
1.2917737,7.6446595,0.8944514,0.51653403,0.103782415,0.050833832
2.0100095,8.797388,0.83902764,0.5044474,0.14653262,0.058596384
2.648516,4.3598247,0.7754432,0.5532937,0.19903041,0.076536335
0.49309504,8.860198,0.95313007,0.50440854,0.05595914,0.04548776
4.2326446,2.0666358,0.68137306,0.55715114,0.22002566,0.10118674
0.6876116,9.046975,0.9411573,0.5031881,0.06512309,0.047438186
1.5076869,3.5678363,0.8618349,0.5511644,0.100446016,0.050616942
6.6445084,0.038540278,0.5912762,0.59582496,0.31247863,0.196516
0.7036535,8.268088,0.93800545,0.5101785,0.06828042,0.04631128
5.5062637,3.1223156,0.6605767,0.58854765,0.29227188,0.12132475
10.387348,0.36124694,0.5052792,0.55984044,0.4790459,0.35520995
2.7671113,4.7127967,0.77479744,0.55534554,0.20305312,0.07610855
6.6819143,1.6016959,0.5973597,0.53226906,0.26373863,0.15062751
5.7229285,2.4269783,0.64128506,0.56774944,0.24690758,0.11579114
3.725644,4.3949757,0.7535342,0.5756292,0.25745863,0.08882187
0.62714386,13.810922,0.95633304,0.45979998,0.045863014,0.051767495
0.26372504,1.982188,0.9762058,0.57737297,-0.026698539,0.016506214
8.234026,1.0459129,0.5874263,0.5923609,0.32986042,0.20902863
4.4641643,3.0885394,0.70948935,0.5835196,0.28256777,0.111906014
4.236947,4.8770375,0.7291857,0.5696727,0.2850651,0.0919372
0.39122322,7.1144853,0.95313764,0.5184027,0.055441424,0.040800616
2.0644896,1.803466,0.829093,0.5817379,0.14963767,0.070474505
2.3065228,0.7163214,0.85977334,0.6276364,0.11091891,0.062923625
0.6195712,9.299838,0.94629407,0.5007713,0.060862742,0.047246605
5.7070913,2.1000934,0.63143307,0.530182,0.22245552,0.11819826
0.55154556,7.3837028,0.9448275,0.51710856,0.06273862,0.04307292
0.22552419,7.8873982,0.9651337,0.51147926,0.046210296,0.041137677
6.4271865,1.2305425,0.6141023,0.55873764,0.2626642,0.15276712
2.3451946,6.9021893,0.80796885,0.5215288,0.17740162,0.060892712
0.32418784,8.579773,0.9622344,0.50625134,0.048852045,0.043516282
0.41935945,7.8525577,0.9543493,0.5127276,0.055139594,0.042866956
13.580675,0.038592335,0.49000216,0.5502407,0.6503784,0.5740286
1.3138957,11.168887,0.89948153,0.48289487,0.0926972,0.054485157
3.8797333,4.1299515,0.7451941,0.5723964,0.26213282,0.09136161
5.3368053,2.773237,0.65088534,0.5762186,0.27323636,0.11656407
0.25286168,10.645471,0.9723895,0.48785192,0.039453458,0.04628997
0.7578299,10.97746,0.94085616,0.4853259,0.062244084,0.050340865
0.72009575,3.005006,0.93442684,0.55554414,0.045425925,0.029404558
2.7262723,2.7784235,0.78259087,0.5706244,0.20010398,0.082492985
11.002644,0.11931283,0.49391901,0.542347,0.5275897,0.41857272
3.0409822,2.0580535,0.7642384,0.56936973,0.21084742,0.09234594
0.57956696,14.807182,0.9634035,0.45769733,0.0497983,0.05195725
1.3458545,2.6979084,0.9206265,0.5797621,0.059934244,0.04631874
8.542495,0.269228,0.5447519,0.57590485,0.4008563,0.27941632
1.2022398,4.2734675,0.8828738,0.5404907,0.09919193,0.04324947
8.677835,0.097454414,0.5385195,0.57392144,0.41360515,0.2946263
4.3285666,3.9125926,0.7190997,0.57012403,0.2867671,0.09665892
1.3577442,6.3145213,0.88570154,0.52792364,0.11166514,0.04923519
2.4576378,2.3636656,0.7858982,0.56534266,0.18509942,0.07984358
2.5949488,3.5032883,0.80537736,0.5798248,0.19239186,0.07853692
3.021391,0.08672674,0.77193904,0.6338365,0.13591751,0.06561085
1.8157678,11.450791,0.8589187,0.4787073,0.12303379,0.058184035
1.1849322,12.81722,0.9127736,0.46740794,0.078683585,0.054593675
5.7518535,0.80807936,0.6289849,0.5747456,0.25189495,0.1446802
2.4410582,0.78861344,0.83372056,0.6106749,0.12056214,0.068168774
1.7485256,8.000585,0.85928416,0.5128612,0.13188164,0.055650577
1.0572767,1.6052781,1.0004755,0.6175629,0.008551459,0.031194774
2.468868,1.7821707,0.7753077,0.5532103,0.17911893,0.08068739
1.9687008,8.556381,0.8421191,0.5069506,0.14464283,0.05809663
2.630068,5.1092687,0.78300005,0.5453671,0.19597216,0.07193826
2.610859,1.3360363,0.78593475,0.5594122,0.14921805,0.078424625
0.45152223,14.416139,0.968046,0.46151447,0.046129957,0.050943773
5.9473863,2.1142962,0.63247025,0.53414524,0.22381239,0.122087
0.01708943,12.214195,0.9860691,0.47822827,0.032205585,0.04639862
5.7845836,1.7965885,0.60897326,0.5097602,0.23128179,0.12658972
0.048987646,15.181508,1.0008683,0.4686988,0.047656056,0.048986387
1.5051605,4.7699637,0.86427087,0.5390951,0.11897557,0.0492162
0.3963029,15.5883045,0.98414207,0.46003863,0.0517355,0.05127915
7.9506707,0.068534926,0.5581331,0.58436805,0.3771246,0.25899634
3.8025415,3.4773166,0.7439934,0.56933814,0.25428694,0.093094915
5.975067,1.7088062,0.5987049,0.50831187,0.24291392,0.13351193
1.7463129,10.213443,0.8629155,0.4911923,0.123437636,0.057141986
5.1314554,1.8269594,0.618701,0.5016378,0.2137418,0.113071695
0.11704123,15.917171,1.0048536,0.4653111,0.05177282,0.049856238
0.576967,4.915225,0.93100965,0.5335047,0.06739307,0.035188343
4.5088696,3.006268,0.7020034,0.5805395,0.27951497,0.114360206
1.5375328,9.452384,0.87877464,0.4992109,0.11293689,0.05498831
3.4428601,4.4081807,0.76398367,0.57794344,0.24577366,0.08571839
3.261778,3.290681,0.76695937,0.5725859,0.22749044,0.08755202
5.0132136,1.7821383,0.61541677,0.49608204,0.21275114,0.1118012
2.3902478,3.4099522,0.822289,0.57751137,0.1709923,0.07551461
1.7471249,11.351068,0.86450785,0.47992992,0.11897845,0.05766227
3.3878655,6.262168,0.7818996,0.5705691,0.23645335,0.07570192
7.3419166,1.525444,0.5939477,0.5520803,0.2839199,0.1670644
2.4006417,8.548579,0.80579025,0.5054383,0.17483656,0.062001772
4.3879356,3.1379337,0.7178883,0.5861013,0.28380677,0.10916488
6.9944363,0.7786888,0.6041744,0.58571255,0.2997084,0.1857691
1.4892436,12.201907,0.8871757,0.47245756,0.09928945,0.05625909
1.4923435,4.982131,0.86816436,0.53774154,0.1203715,0.048684157
1.0746136,12.211003,0.9201174,0.4733633,0.074776515,0.053521555
13.550684,0.053806547,0.49060398,0.5521919,0.64694464,0.5689862
3.9370732,2.2021651,0.71054906,0.5653018,0.2246159,0.10363226
0.0698279,14.5837965,0.99328315,0.46971008,0.04441125,0.04868751
4.997924,2.1866696,0.6322545,0.5395436,0.23760079,0.10916953
1.5094731,1.1519415,0.95152205,0.6496756,0.07781356,0.046455655
0.4526866,4.982204,0.93825924,0.5321225,0.06082661,0.03388091
2.0409691,9.536546,0.8374236,0.49697804,0.14573799,0.059190344
0.9328533,13.5787,0.9339043,0.460877,0.061598476,0.053463444
3.0194035,2.0540593,0.7646759,0.5684909,0.20958433,0.091745585
1.318857,7.20865,0.8912969,0.5204118,0.10676891,0.05043553
0.425254,8.580975,0.95639735,0.5066242,0.0535159,0.044401612
1.1851381,11.089567,0.90942466,0.48389655,0.085399225,0.053508196
1.7482849,1.6692936,0.8790796,0.602969,0.118280046,0.060990665
1.4470607,6.198293,0.8785603,0.5289362,0.11770722,0.050021667
2.1492653,9.801904,0.8286179,0.49390152,0.15208814,0.060162876
1.6506488,11.512555,0.87276316,0.47866023,0.11214764,0.057050828
0.9284503,9.049071,0.9245073,0.5034645,0.0780364,0.049476683
0.25101027,14.278657,0.9794301,0.46638483,0.043561324,0.049596578
2.7071645,5.943981,0.7888989,0.541676,0.1865193,0.06767459
0.83124954,9.559646,0.9325539,0.4986453,0.07104252,0.049326655
0.12584496,15.382092,0.9987017,0.4665254,0.048915636,0.049574137
6.3020897,1.4376098,0.6065807,0.5379206,0.25592217,0.14566518
3.861037,4.8735485,0.75028706,0.57637626,0.26535854,0.08805231
3.7806492,0.28495726,0.7055083,0.6038503,0.18315752,0.09416868
0.30455616,15.862369,0.9929434,0.46137726,0.052410163,0.050897144
0.48770425,4.319827,0.9313162,0.53499216,0.062253486,0.030829115
1.4492741,10.257033,0.887161,0.49150717,0.10440761,0.05487396
1.8800789,8.283841,0.84902346,0.50985235,0.13966137,0.057111174
0.4633846,2.290893,0.97296244,0.57567054,-0.003017492,0.022111923
3.3484454,3.7237113,0.7666511,0.5756944,0.23509152,0.08711519
5.390547,1.5143117,0.6063019,0.50863314,0.23153019,0.12450482
2.4525576,6.3992257,0.7953419,0.52596456,0.18296859,0.06299245
7.7270193,0.14936307,0.5641205,0.5839275,0.36541152,0.24716438
3.590662,1.2823646,0.7193703,0.5464346,0.1656011,0.09159192
0.24788412,6.1691923,0.956112,0.52393496,0.05021526,0.036341794
6.6296663,2.3920846,0.6380815,0.56408983,0.2385151,0.12821184
1.1304208,3.8085093,0.88121545,0.5416115,0.09078465,0.0417509
0.33850598,2.133596,0.9765969,0.57728523,-0.016558168,0.019763047
2.5800734,2.7928464,0.7880866,0.57210433,0.1942545,0.0805096
2.9832928,7.304148,0.7965846,0.53855073,0.20426868,0.06642211
0.9544115,14.43144,0.9343335,0.45308876,0.059343774,0.054044265
0.06406056,0.41804358,1.0858922,0.75109947,-0.17114665,-0.053022303
2.7499182,4.3843427,0.7783335,0.5608991,0.20564358,0.07770509
2.6004283,8.715411,0.79707646,0.5068178,0.18571632,0.06348728
2.3023686,5.9774623,0.8054278,0.53018224,0.17138994,0.061648715
0.55742323,6.6964984,0.94178253,0.5224309,0.06447875,0.041382723
8.581121,0.50641257,0.55444187,0.58199257,0.38488454,0.26214665
6.9940543,1.0855899,0.6146909,0.58291364,0.28224996,0.17029208
1.3370017,4.7884607,0.87899756,0.5384609,0.110924974,0.04576782
2.2655427,3.9325624,0.7968747,0.5480105,0.16623162,0.07147934
3.6305573,2.2629092,0.7346971,0.5723172,0.23129551,0.102952905
2.050922,5.6556044,0.825605,0.5332471,0.15514234,0.05801933
3.591545,3.51813,0.7544954,0.5713234,0.24405932,0.09057301
1.4897584,9.104672,0.8820112,0.5026802,0.11119345,0.054303236
5.6526394,1.267745,0.61650145,0.5372011,0.24080113,0.13381225
5.1447377,3.6407895,0.6784597,0.5838946,0.31818074,0.1174214
2.7668452,5.2126713,0.7826852,0.55171394,0.20173492,0.07330336
0.38828158,12.277392,0.9686498,0.473237,0.039635114,0.049078163
0.5915413,3.5120742,0.9156614,0.5377141,0.06309378,0.028497059
2.688022,2.0807517,0.7737579,0.5587471,0.19146411,0.08345953
6.555223,0.5861687,0.6045418,0.5828103,0.29426116,0.18092324
4.552913,3.09584,0.7026538,0.5821164,0.28421557,0.113920696
1.0881164,11.436037,0.9175459,0.48071882,0.07851112,0.05307653
2.5948873,5.1181765,0.7828158,0.54348695,0.1926745,0.071118325
2.1608214,9.420271,0.82717395,0.49769366,0.15443073,0.060143564
3.0541704,5.1438947,0.77569497,0.5668849,0.21822998,0.07739952
1.0692214,8.627693,0.9133469,0.5074551,0.087386735,0.05013666
0.9684646,11.399703,0.9264991,0.48121575,0.07196005,0.05221269
9.817507,0.111944996,0.50728464,0.55399173,0.4712338,0.35235417
0.9346395,10.654688,0.9274771,0.48832643,0.07284318,0.051318575
3.7872396,5.5891533,0.7807331,0.59084076,0.24978797,0.08329368
0.2905785,2.3422458,0.96733403,0.5698241,-0.007172891,0.020255456
1.1374077,7.8556824,0.90651137,0.5145516,0.093799435,0.049660787
3.4333627,4.8550935,0.7821104,0.5850325,0.23688424,0.08316641
2.0305684,5.5204544,0.8260064,0.53435546,0.15292925,0.057978813
8.493611,0.0936103,0.5435237,0.57665306,0.40433526,0.28551036
0.9006305,15.929561,0.9512265,0.44763276,0.060865127,0.05434793
0.46515554,15.21299,0.97560054,0.45939925,0.050481066,0.051483266
8.638808,1.0926726,0.57961226,0.5937804,0.34206784,0.21827933
12.528208,0.1360856,0.4947168,0.5570277,0.5921122,0.4962364
3.4439077,5.562759,0.77290744,0.5811317,0.24276067,0.080375016
0.079769395,13.162316,0.9825261,0.4733961,0.036943953,0.047648765
1.8796839,2.3955612,0.8821216,0.5972849,0.1202301,0.06486336
4.975391,0.40851915,0.62076247,0.5683418,0.2436614,0.13264172
0.78589183,9.50917,0.9356023,0.49907792,0.06878824,0.048895188
0.41380817,10.740854,0.9630743,0.48728335,0.046243817,0.047587838
1.4761313,1.8235383,0.9340679,0.609009,0.071240485,0.05043488
5.4834247,1.7625785,0.60912406,0.5029885,0.22532023,0.12133913
1.2389866,13.076357,0.9090262,0.46483788,0.08078437,0.05506657
1.5661415,9.596478,0.87670374,0.49774218,0.11421433,0.055330433
5.127285,3.4046733,0.67049205,0.5794389,0.30718225,0.120889544
0.9732873,4.8040133,0.90595555,0.53675675,0.09022189,0.03999833
6.047825,2.7578385,0.6489861,0.5987919,0.26740515,0.11779061
1.6664329,2.5175211,0.92396736,0.5992559,0.082157105,0.05679838
2.036428,7.295763,0.8344099,0.51885295,0.15399878,0.057898663
1.1826113,8.979483,0.90563875,0.50416726,0.09286067,0.051555857
0.91572046,11.466649,0.93054336,0.48063272,0.06882888,0.05189964
1.8855113,3.1747415,0.8716579,0.5761255,0.11528032,0.06309641
5.770505,0.3487544,0.60825217,0.5788079,0.2754741,0.16198124
0.058313902,14.7697525,0.9959304,0.4695172,0.045412283,0.048752554
4.306095,4.737414,0.72749114,0.56948555,0.28658158,0.09323738
2.6520555,6.313126,0.7919434,0.5351129,0.1879289,0.06574874
0.31077442,12.5423,0.97385144,0.47121787,0.035900086,0.048814587
0.65516096,8.098375,0.94067633,0.5115246,0.06622736,0.045559168
1.5277436,6.7029524,0.8739027,0.52482796,0.12157565,0.051825605
3.934017,2.9308977,0.7361223,0.58240074,0.2635911,0.10105126
0.22044754,0.71132916,1.0839005,0.6912343,-0.15251781,-0.032951463
0.99017704,12.496536,0.9271482,0.47081724,0.06896983,0.053156853
0.884336,14.351086,0.93945044,0.45396647,0.0559193,0.053603593
1.608361,8.746952,0.87191117,0.5059488,0.120038174,0.055021722
2.2360482,4.540137,0.7958665,0.54043365,0.16885526,0.066624515
5.884056,0.9797483,0.62824845,0.569082,0.25040036,0.14365548
2.4496145,5.929952,0.79101235,0.53029704,0.17922017,0.064378664
2.207969,7.047243,0.8197084,0.5206598,0.16699703,0.05951007
1.895666,6.301362,0.8436149,0.527958,0.14759561,0.05535118
5.0522385,0.35849723,0.61793256,0.5704324,0.24822223,0.13624734
6.5607867,1.8663435,0.6040335,0.5246382,0.24901131,0.14054225
4.8331523,1.7230349,0.61336684,0.49116808,0.21176235,0.110061675
1.6950866,3.0893395,0.8826066,0.573584,0.09822505,0.05750353
3.159721,6.123375,0.7863111,0.5614881,0.21898031,0.07356646
3.005745,5.803308,0.7863482,0.5577791,0.21280436,0.07338511
0.5969743,6.791794,0.9397906,0.5219225,0.06633594,0.04205955
2.2184806,2.817567,0.8343373,0.587216,0.16198191,0.0732122
5.680968,0.60832757,0.6210259,0.57529455,0.25972906,0.15016092
4.550361,0.37916818,0.63227576,0.5684792,0.22739522,0.11901123
1.2262278,10.12014,0.9044748,0.49320263,0.0914148,0.053043604
6.953015,1.771127,0.5895049,0.5247487,0.26788837,0.15247265
1.3757267,2.7729485,0.91396636,0.57720447,0.0645455,0.04742897
2.3447578,4.1729794,0.7795288,0.5411864,0.17631106,0.07197988
0.22124049,10.691109,0.9743058,0.4873707,0.037967872,0.046120405
0.20790344,13.294096,0.9773166,0.4703745,0.038359523,0.048628565
2.6485124,8.08772,0.79742104,0.51556885,0.19010903,0.06367722
4.5879097,4.37385,0.70971817,0.56767094,0.30111283,0.09731268
6.2779117,0.77592283,0.61846095,0.58052486,0.2726501,0.16257612
1.4915005,2.754746,0.9136103,0.5826194,0.07274806,0.0510783
4.531958,2.7219987,0.68692625,0.5725687,0.2649515,0.11401644
0.82800543,14.492113,0.9440108,0.45284453,0.05243528,0.053357188
4.0727963,0.13539422,0.67532825,0.59877306,0.19783884,0.10025022
1.6561732,9.59789,0.8694041,0.49752575,0.11996933,0.056065768
4.4251595,4.5215445,0.72097963,0.56701475,0.29045543,0.09530801
1.2109855,9.834882,0.9051251,0.49597195,0.09154699,0.05266895
2.20091,5.0585904,0.80485433,0.53763264,0.15866299,0.06256781
5.0350127,1.8749772,0.6215875,0.50363314,0.21404316,0.111526944
2.3333254,6.1046724,0.803784,0.5289786,0.174093,0.061823744
0.213964,7.6126227,0.9646448,0.5135643,0.04631659,0.04035596
1.4465383,9.222231,0.88564473,0.50160605,0.10806223,0.05404056
0.62003094,12.030514,0.95282006,0.47552344,0.05143335,0.05037379
1.9507556,4.4883943,0.8206708,0.54120994,0.14020106,0.059175875
1.1496147,2.9486012,0.9193763,0.5680036,0.057418644,0.040358547
0.68083864,9.200245,0.9419972,0.5017837,0.06429448,0.047607917
2.5662377,7.905199,0.79705083,0.5141593,0.18733995,0.06318308
7.5867047,1.1328168,0.60577893,0.5893602,0.2999874,0.18439594
0.8640875,9.7464695,0.9306495,0.496916,0.07218569,0.049816787
0.25969714,3.8445606,0.9298454,0.53430766,0.047177315,0.025975425
2.142659,4.104781,0.79713345,0.5423832,0.16033022,0.066678025
0.06413163,6.8066535,0.9680455,0.5183117,0.04143375,0.036553275
2.266232,0.74636,0.8672114,0.62911236,0.10910948,0.06275638
5.249145,1.0415734,0.6268615,0.5471512,0.2325281,0.12709048
3.7998698,0.32675782,0.7051177,0.60196453,0.18367086,0.094839655
4.6815205,1.632697,0.6169374,0.49117652,0.20987368,0.108976446
2.51917,1.9109381,0.7762492,0.5559603,0.1826309,0.0813017
0.8412253,1.0008379,1.0547717,0.66976494,-0.03896858,0.013287596
0.8445436,6.2441497,0.921796,0.5270984,0.080838755,0.043266863
1.2505075,11.580799,0.90522426,0.4790444,0.087347955,0.05430471
1.7856147,6.495116,0.85298854,0.52645886,0.13941647,0.054362033
0.94082636,11.541437,0.9288442,0.47989976,0.069914624,0.052134372
0.9713243,4.229153,0.90065384,0.5393479,0.08806992,0.038182806
6.819913,2.2321558,0.62927455,0.5522498,0.23911561,0.13525034
3.9997957,5.15716,0.7551062,0.58103657,0.26736435,0.08785451
5.239936,0.25467068,0.6137989,0.57613194,0.25668705,0.14363837
0.16937543,8.84618,0.9714773,0.50333214,0.04140489,0.042705785
3.2446551,2.5197344,0.7572585,0.56626934,0.22327101,0.08972561
4.8211327,3.9628556,0.69644666,0.5796213,0.31700924,0.10405437
0.8141012,7.8389745,0.92938817,0.514186,0.07539643,0.04656019
3.0096757,6.1463165,0.7895104,0.55394787,0.20236929,0.07129141
2.409618,6.3644013,0.799092,0.5263966,0.1803292,0.062378366
0.5828928,6.162759,0.9378547,0.5263481,0.06669558,0.040075228
1.1249875,1.3057601,0.9916923,0.62918586,0.021452114,0.031774577
0.38972935,9.950812,0.9624557,0.4944105,0.047756378,0.04635647
2.3459787,6.4563284,0.8060155,0.5256476,0.17758328,0.06107246
2.035624,4.4115143,0.8120285,0.5414876,0.14734423,0.06162965
1.1987563,5.292778,0.8931739,0.53492665,0.10368271,0.044733007
9.775343,0.44885063,0.5214158,0.5701628,0.44302943,0.31689447
3.2642183,5.110626,0.77890885,0.58028316,0.23314214,0.08038608
7.792733,0.5430422,0.5753295,0.5852676,0.34804815,0.22870187
2.4127047,8.108315,0.8042055,0.5097518,0.17749822,0.062015817
0.8085853,5.531159,0.920773,0.53173167,0.079886004,0.04062787
0.90591156,4.6174407,0.9091393,0.5372689,0.08621427,0.038264118
4.1068215,3.880448,0.73224115,0.5690966,0.27197304,0.09472567
8.983834,0.3155129,0.5345655,0.5723374,0.41912532,0.29596192
0.6873316,9.231596,0.94164264,0.50150836,0.06452997,0.047707282
2.29279,5.984743,0.8064058,0.5301341,0.17092104,0.06146064
1.4457511,8.058835,0.8835236,0.5127033,0.11205742,0.052851714
3.720856,5.437036,0.782947,0.5905904,0.24624214,0.08330763
0.6429148,8.457635,0.9425126,0.5083603,0.064587474,0.046098337
0.63297296,13.626393,0.9558785,0.4609058,0.045977566,0.051699113
2.7196646,5.6449575,0.7868443,0.5452807,0.18932518,0.06945003
4.611659,1.8672678,0.6417865,0.51500744,0.20986561,0.106022455
0.941586,13.090394,0.93212014,0.46536157,0.06399921,0.053226728
3.8439908,4.271556,0.7475403,0.57360905,0.26168823,0.090455964
2.1042316,5.7515826,0.8216747,0.5324054,0.15879565,0.058744356
0.49986535,10.956498,0.9581905,0.48540887,0.049507923,0.04846484
2.0920377,1.8303378,0.82552963,0.5801141,0.15213868,0.07126836
0.3229605,1.6658678,0.9840913,0.5839155,-0.042446487,0.013666786
0.6572751,7.0765233,0.9371554,0.5199997,0.068890035,0.043405466
1.8988467,3.7456625,0.8280681,0.55046874,0.13435471,0.06150704
0.9590138,5.4212275,0.9103729,0.5331727,0.088792495,0.04211421
1.0779982,4.484654,0.89612544,0.53889465,0.09569379,0.040528335
1.4407749,12.304993,0.89130884,0.47160795,0.09590681,0.05598655
0.12012245,8.506508,0.9727735,0.5059126,0.040262464,0.041583735
0.58649594,11.05079,0.95274925,0.4846012,0.053345744,0.049188644
2.5217948,8.309028,0.7967874,0.5080634,0.18399417,0.06300949
6.334609,1.4209706,0.6070396,0.54009694,0.25706962,0.14672828
0.88633597,10.305393,0.9302595,0.4916526,0.07145622,0.050609514
4.0485635,1.3574141,0.67614424,0.52766293,0.1835424,0.09855476
0.9517965,4.7795835,0.9072155,0.536761,0.08893121,0.039604306
2.718331,0.14302151,0.79501665,0.63476264,0.121977046,0.05917109
9.080809,0.063105814,0.5269809,0.5675988,0.4352123,0.31663978
5.9020605,0.969849,0.6286023,0.5704303,0.25102574,0.14425705
0.3196886,6.5462513,0.9544429,0.52203345,0.05305528,0.038402088
1.6544565,3.1222987,0.8807532,0.57047105,0.096096374,0.05628393
3.2931247,4.2805305,0.77078116,0.57957643,0.23785026,0.084488325
3.0407317,2.0689569,0.7641973,0.569097,0.21083714,0.09211891
1.1686697,12.226185,0.912865,0.47303694,0.08007394,0.054151542
3.2384815,4.7899327,0.7854509,0.5828377,0.22923976,0.08142446
8.687072,0.055720743,0.5379483,0.57451034,0.4149233,0.29636818
2.2454422,5.0633693,0.80075496,0.5375361,0.16122559,0.063435964
1.0484515,1.901074,0.9922862,0.6078283,0.010174644,0.03251552
1.9800696,9.445911,0.8424124,0.49809676,0.14196329,0.05864857
0.6222174,11.243415,0.95080984,0.48282695,0.05441584,0.04964229
1.6767801,9.443125,0.86748683,0.4990012,0.12188555,0.056132417
0.4942951,7.235946,0.9477066,0.5180138,0.060203806,0.04214868
3.323484,1.5460169,0.72481805,0.5353867,0.17041895,0.09011987
5.3686013,2.7637663,0.65064514,0.5770886,0.27238616,0.11648939
4.4224844,0.7770605,0.6636903,0.5667924,0.20420294,0.107393816
5.619573,2.357362,0.6393767,0.5599726,0.24279976,0.11515324
3.0155969,2.0527658,0.7647548,0.5683495,0.2093614,0.09165139
3.0362983,7.041923,0.79442394,0.54421574,0.20364544,0.06781059
5.6354065,1.831252,0.6138495,0.508981,0.22472359,0.12242142
0.34580305,7.4192786,0.95688605,0.51581764,0.05267185,0.04114015
2.3019595,8.117188,0.8135784,0.51011807,0.16954969,0.06096936
0.008309902,12.791454,0.9855989,0.47622386,0.034925617,0.04684801
0.90641296,12.107481,0.9325859,0.4745944,0.065907985,0.05233712
1.598918,3.8548152,0.84268546,0.54328537,0.11546042,0.05281676
8.777829,0.43098196,0.5457401,0.57837,0.39986292,0.2766805
3.2033088,2.3453221,0.75935584,0.5692813,0.22054741,0.09170774
0.28578517,10.939406,0.97130084,0.4852701,0.03987693,0.046909828
0.3563109,9.393051,0.9628778,0.499305,0.04797282,0.045237526
1.5207962,12.406794,0.88495207,0.47038993,0.10041494,0.05655681
2.7948449,7.686197,0.7980589,0.5260097,0.19790529,0.0644715
2.4564168,5.766116,0.7886874,0.531699,0.1783892,0.06504054
2.8913074,1.693141,0.7604423,0.5599961,0.18835278,0.087763324
5.738329,0.044305585,0.6094043,0.5940029,0.27177775,0.15760598
2.9628778,7.17971,0.79602337,0.5392314,0.20274445,0.06657748
5.145964,2.472247,0.6416766,0.56346804,0.2564169,0.11144755
1.7386805,7.1787353,0.85842615,0.52051115,0.13404812,0.05471495
0.9166614,5.5163927,0.913674,0.53237647,0.08616402,0.04190713
1.3255459,12.112641,0.90024936,0.4737628,0.08971845,0.05512654
0.37165108,3.1056352,0.927159,0.5432149,0.03867849,0.023939213
0.6539294,2.213214,0.9771005,0.5819272,0.0014537434,0.024070622
1.4675452,3.6446028,0.85926825,0.54746693,0.102369934,0.04973907
7.6423855,1.3635559,0.5964633,0.5710678,0.2963977,0.1786898
4.2235627,3.665276,0.7216671,0.57117754,0.2813995,0.096550815
0.19545728,12.51087,0.97891104,0.47364792,0.034666527,0.047956333
0.015889416,14.187756,0.9918591,0.4717967,0.042129792,0.048047516
1.8429857,7.217084,0.8500896,0.5200014,0.14096068,0.05583513
1.4144458,4.176105,0.8636298,0.54175144,0.108690426,0.04803509
0.6469205,11.006193,0.9485821,0.485042,0.056491558,0.04957365
5.568509,0.059618093,0.61175305,0.59148854,0.2652989,0.1515044
0.7185795,2.2765362,0.97497964,0.5812517,0.00782442,0.025209414
1.3873929,11.350736,0.89394397,0.4809682,0.09642318,0.05511985
0.19946043,10.37146,0.9746002,0.49017024,0.038104676,0.04551393
13.092928,0.0050407113,0.4901666,0.5462476,0.63274825,0.5521203
3.0467203,6.6773825,0.792057,0.54926604,0.20117141,0.0691515
0.8151149,14.511285,0.94474137,0.45303956,0.052253675,0.053281303
5.1019897,0.566016,0.6265707,0.5680435,0.24133042,0.13270733
0.22486886,5.5948944,0.95375305,0.52700764,0.049591146,0.033820268
1.2984732,7.787515,0.89428294,0.5152442,0.10375189,0.05110318
1.2661216,10.987434,0.90292525,0.48474523,0.0905442,0.05401859
1.5480554,11.490397,0.8811664,0.47918755,0.10576944,0.056323517
10.215484,0.56624234,0.5166555,0.572298,0.4506414,0.32164612
1.6616349,6.2181206,0.86202216,0.52884096,0.13184239,0.052531954
0.80953616,10.383991,0.9359097,0.49090838,0.06706255,0.05011091
1.9819251,0.8604048,0.9215104,0.64830506,0.10024879,0.056666177
1.5921633,8.802037,0.87330675,0.5054439,0.11879712,0.054926366
0.2260056,15.764735,0.99680763,0.4633545,0.05139664,0.050390773
0.8265362,14.076425,0.9430738,0.45655358,0.053983536,0.05312008
0.072011955,14.334457,0.9904441,0.47023898,0.04303905,0.048514426
3.0881286,0.8836219,0.77489746,0.5904768,0.14109942,0.07756587
7.0255666,1.9160221,0.6001604,0.5329103,0.25964168,0.1484904
1.0235701,5.094187,0.904294,0.5354341,0.093057424,0.041794274
1.3596052,7.5600066,0.88908064,0.5173078,0.108252436,0.051377468
3.094174,5.8509374,0.7851073,0.5616087,0.22048128,0.074358396
4.882454,3.569805,0.6966547,0.58720905,0.31105995,0.1129153
1.080305,3.2467246,0.9035987,0.55494547,0.06930369,0.03954311
1.5114758,7.2493196,0.87658817,0.5200692,0.11886839,0.052466758
2.8233705,5.408244,0.7850565,0.55273455,0.2055923,0.07320435
4.151045,3.21928,0.7265671,0.58144766,0.27672246,0.101259455
5.5553446,0.6222615,0.62350523,0.5737013,0.25449222,0.14553054
1.2355679,10.7007675,0.90479934,0.48757216,0.089818224,0.053585123
2.9866018,3.1512828,0.7768814,0.57353073,0.2144555,0.084717415
0.5005459,13.917708,0.96283865,0.46198595,0.04435821,0.050978757
3.5327744,1.9822586,0.7310535,0.5629047,0.20579349,0.09795439
0.08688729,4.4122005,0.9401516,0.5313287,0.03939454,0.027726952
0.95986277,11.980021,0.9283391,0.4757274,0.06929531,0.05259948
2.4844122,1.0638187,0.822026,0.58776605,0.12802146,0.075034365
1.5068467,2.0903327,0.9378914,0.60619175,0.068830386,0.05140775
3.9671593,1.8161389,0.68999594,0.5410758,0.19782768,0.09785573
0.22357337,3.5113075,0.921697,0.5346396,0.042707246,0.024168821
4.7801523,3.553033,0.70421714,0.5886767,0.30884743,0.11094138
3.3175485,5.7779255,0.77625895,0.573679,0.22973572,0.07677992
3.4326315,6.622915,0.78408986,0.5676632,0.2323727,0.07425182
5.1348414,0.36423573,0.61733776,0.5714865,0.25094923,0.13897204
6.305718,1.3759927,0.6090441,0.54334325,0.25695997,0.14696439
3.9150062,1.0594544,0.6967127,0.5553825,0.17717378,0.094960295
0.9174079,10.328914,0.92806053,0.49142516,0.0730654,0.05086978
0.77711815,6.8261657,0.9285285,0.5224405,0.07589302,0.044042155
0.6166816,8.378039,0.9439743,0.5089877,0.0634743,0.04572349
0.82889134,9.6771965,0.9329843,0.49754655,0.07052243,0.04945276
2.4107761,6.7470226,0.8021691,0.5226995,0.18276612,0.06153099
1.1012479,5.7435684,0.90215415,0.5316118,0.096881665,0.04485789
0.5613871,7.580074,0.9449203,0.5155601,0.06277187,0.043615833
0.10180149,13.172798,0.9816934,0.47292918,0.03710365,0.04780911
1.9269402,9.076594,0.8463382,0.5019422,0.13981779,0.058019474
1.0098841,0.4370356,1.06539,0.749289,0.0032075897,0.0069066817
7.482445,0.94930804,0.6008809,0.58886874,0.3075713,0.19169427
3.1513608,1.5745625,0.7391767,0.5469762,0.17196059,0.088009335
0.10120429,3.3275611,0.91500425,0.53349984,0.033693053,0.022709584
5.4354796,1.3647543,0.6126301,0.5229372,0.23421103,0.12752227
2.5121896,5.110993,0.7819974,0.5392663,0.18521808,0.069386214
4.1075554,0.577013,0.68881035,0.5861917,0.19212194,0.10086892
2.0969326,5.516266,0.8197961,0.5343465,0.15647824,0.059220135
0.88336873,1.814913,1.0013119,0.6049152,-0.005832539,0.0255547
9.025153,0.4974672,0.54292065,0.5790135,0.40513933,0.28077206
2.894159,7.511838,0.7983685,0.53210914,0.20293407,0.065046936
1.5049788,5.8088336,0.8727697,0.53198206,0.12246548,0.049898315
0.78201556,3.830853,0.90826315,0.5391119,0.07511621,0.033585407
0.17899793,14.661549,0.98790115,0.46712717,0.045221217,0.04941434
4.5831466,1.1225709,0.6372983,0.5314234,0.21063697,0.110578455
1.6841304,11.30687,0.8696737,0.48057204,0.11510463,0.05719721
1.7223272,10.446025,0.865234,0.48895702,0.12097026,0.057075813
7.272279,1.3898526,0.5998248,0.56214345,0.28463,0.16912451
4.126312,4.072763,0.7333009,0.5688582,0.2730279,0.09419738
1.7050965,2.0253203,0.9010005,0.60328746,0.10274958,0.05988648
4.5021496,3.0502923,0.70467067,0.5818443,0.28135702,0.11355452
7.014186,1.1673907,0.6112268,0.57619715,0.28128996,0.16872731
1.6920111,4.3905773,0.8426103,0.5415025,0.12519495,0.05381248
2.8002799,7.6944957,0.7980678,0.5261411,0.19811071,0.06450396
9.763643,0.3000192,0.5137875,0.56206197,0.4568889,0.3328855
2.4686403,3.7498739,0.80871606,0.56810075,0.17775352,0.07601732
9.377754,0.40246215,0.5290404,0.5719562,0.42950964,0.30483374
4.038988,3.624097,0.7322319,0.57026774,0.26917973,0.094922885
7.0946326,1.828217,0.59176356,0.5293476,0.26812854,0.15330352
2.4565132,1.3862362,0.78716743,0.56241316,0.16012482,0.07584499
0.45351005,2.395036,0.969134,0.57240576,0.0020478775,0.022517113
0.013203861,13.116522,0.98494524,0.47485307,0.036470395,0.047151867
0.11780624,10.932429,0.9806412,0.48496506,0.03296097,0.045699675
12.060333,0.19594052,0.4962556,0.55787843,0.5656971,0.4618965
2.3638597,1.778477,0.78467125,0.5576195,0.17271379,0.078493424
3.9179378,0.7515674,0.7088087,0.58373713,0.17788467,0.094300166
1.1487635,3.3400958,0.89441806,0.5528457,0.076231204,0.04151222
1.3468659,10.455482,0.89563763,0.4897662,0.09739293,0.054234628
1.7627296,1.1846923,0.90598035,0.62736106,0.101870775,0.054269843
0.8648784,6.286118,0.92062527,0.5268755,0.081914894,0.043610364
1.6542474,12.1141205,0.8734311,0.47278205,0.109957114,0.05732096
9.021803,0.940644,0.5639665,0.5919541,0.36814734,0.24174638
0.40403986,14.945356,0.97685915,0.46141753,0.04842565,0.050966248
0.9168567,14.876265,0.939073,0.44955975,0.05593564,0.05405042
5.9745727,2.272684,0.63632166,0.55013615,0.23287283,0.119983874
0.46400177,5.1836796,0.93903476,0.5312691,0.06139671,0.03495693
2.520382,3.9893792,0.791479,0.5590108,0.18657905,0.07610879
3.6458924,2.1864402,0.7311084,0.5685141,0.22374526,0.10215092
2.0265903,0.50146633,0.9134484,0.6672014,0.08123193,0.04476971
0.49735656,15.017699,0.9713478,0.45912096,0.0498328,0.05157074
2.7679193,4.660219,0.77440584,0.55551517,0.20424156,0.07662218
1.7149931,10.498202,0.8659157,0.48846203,0.12029115,0.057046287
6.5520434,0.22575001,0.5918509,0.5857829,0.31034935,0.19451843
5.0726614,2.5699728,0.64424384,0.5629277,0.2632892,0.11297759
2.0977478,3.0521834,0.86469454,0.5863262,0.13468216,0.06941209
2.4209337,2.6785738,0.7935709,0.57236826,0.1859695,0.07842516
2.120682,0.5973657,0.89656705,0.6529569,0.09295754,0.052563697
4.0817184,1.6192001,0.6703185,0.5116516,0.18597138,0.10003271
2.0614045,3.2998922,0.85752237,0.57592446,0.13236591,0.06800261
1.7373937,6.1922603,0.8559646,0.52901924,0.13704303,0.053366613
1.1218402,3.1487951,0.9079169,0.5596351,0.06606053,0.040281888
0.3648717,0.84852743,1.0946704,0.671745,-0.12857972,-0.016011173
5.027102,0.75789374,0.63619983,0.56474555,0.2299362,0.12445763
2.9705312,4.9246793,0.77516884,0.564141,0.21572332,0.07790274
1.4845763,10.846211,0.885282,0.48565698,0.10434073,0.055519644
0.6463811,13.885287,0.9551804,0.45910183,0.046505217,0.051930014
0.077727355,8.891398,0.97621995,0.50251615,0.037557013,0.042020362
4.095449,0.5586623,0.68891805,0.5868537,0.19219828,0.10086223
3.03155,1.4408897,0.75058067,0.5436847,0.15715066,0.08556536
1.3519007,1.9675411,0.96097803,0.6098108,0.047226906,0.04497852
1.6152282,8.393003,0.8707422,0.50934654,0.12174755,0.05476899
1.2923573,8.095863,0.895448,0.5124194,0.10239641,0.051461615
0.39917326,11.699171,0.96645814,0.47851086,0.042224836,0.04857176
2.9409382,2.0225966,0.76627725,0.5656649,0.20499432,0.08988874
1.637805,1.8061137,0.90502024,0.60615146,0.09822373,0.05764748
3.5685859,2.9716632,0.74834913,0.5691608,0.24201109,0.092130855
0.32862282,6.5231137,0.95386153,0.5222538,0.05350911,0.038424313
0.57640815,10.324508,0.9516682,0.4913151,0.055368498,0.048282664
0.1627453,3.4340038,0.9188707,0.53413266,0.03828989,0.023524005
0.9859934,0.6218598,1.0739205,0.7286984,-0.004993186,0.016416311
3.3964422,1.0296779,0.74300534,0.57093036,0.15459986,0.08479805
0.91598016,15.126312,0.941751,0.4490592,0.05716882,0.054143302
8.015737,0.09170435,0.55639935,0.58277494,0.3802742,0.2619496
0.64406943,2.3293316,0.97297716,0.57823694,0.007057374,0.024531916
3.6358273,4.805122,0.76132953,0.5797487,0.25410807,0.08589846
9.311984,0.5769785,0.5397893,0.58018583,0.4105768,0.2845669
6.3871307,0.063145325,0.5964613,0.59421957,0.30127293,0.18595152
0.87896925,13.018856,0.9366412,0.46612912,0.060920455,0.052792557
9.740929,0.29013222,0.5140961,0.56195956,0.4564779,0.33277982
0.37266672,7.3459835,0.9551105,0.51653165,0.054085635,0.0412182
10.891436,0.09693982,0.49347806,0.5404049,0.5243997,0.41532648
0.4971233,15.357846,0.97494066,0.45832598,0.051604953,0.05174962
0.9701013,5.793967,0.91142815,0.5307856,0.08890436,0.04343069
3.001507,2.0104616,0.76519305,0.56871086,0.20852217,0.09205673
0.5144,14.142617,0.9617983,0.46078616,0.045521718,0.051183175
0.6775474,13.532575,0.9525008,0.46170312,0.048543803,0.051901985
7.6859255,0.6002569,0.5805343,0.5861893,0.33946496,0.22080533
0.3162729,8.810267,0.96341896,0.504252,0.047862824,0.043887954
1.5142454,8.310022,0.87863517,0.5102762,0.115549885,0.053764332
12.083715,0.18982634,0.49612537,0.5576604,0.567326,0.46406767
3.2428527,0.9568288,0.7588747,0.58070827,0.14785802,0.08125917
2.1136541,5.315411,0.81597817,0.5358871,0.15577967,0.06008544
1.3817639,2.9597378,0.90544844,0.57206035,0.07189832,0.047555655
7.1371717,0.7350015,0.5991269,0.5862259,0.3080775,0.1930176
3.2378218,4.8583293,0.7842518,0.5822115,0.22986081,0.08111008
9.046326,0.29083356,0.5321956,0.5709519,0.42358842,0.30075648
4.8607993,2.2292128,0.6392433,0.5483581,0.24074563,0.10726868
5.3834853,1.4224037,0.61017305,0.51646894,0.23233154,0.1255997
1.5973059,0.5888,0.9929221,0.6987132,0.06686091,0.034566425
0.25508887,7.5207634,0.9621517,0.514517,0.04832464,0.040517073
4.851985,0.7644823,0.6381276,0.5616351,0.22407378,0.119060114
1.618284,10.290793,0.8735481,0.49078292,0.114892244,0.056195904
0.47732344,5.609604,0.94096375,0.5290981,0.061863538,0.03689765
2.3671591,6.6942387,0.8057166,0.52333754,0.17978889,0.061023515
1.9333628,9.879435,0.84689647,0.49392417,0.13710642,0.05845698
0.14816642,0.7958298,1.0578265,0.6627331,-0.15168194,-0.030828463
0.12720487,4.281781,0.9379192,0.53207064,0.04120224,0.027365692
2.4104526,6.48971,0.8002071,0.5251883,0.1813635,0.062041517
1.3727924,3.134929,0.8960372,0.56517303,0.07934892,0.047330488
1.3192974,6.7360163,0.8899275,0.5244482,0.1081297,0.049625922
3.5225341,3.4556742,0.75707877,0.57151717,0.24043672,0.09001457
0.2601236,10.402093,0.9712939,0.49005213,0.04056346,0.046010308
0.20682515,5.573445,0.95444727,0.5269437,0.048771605,0.03351302
4.233569,2.068026,0.6813636,0.55718,0.22013155,0.10122125
1.0819294,1.4431604,0.990193,0.6186094,0.016271707,0.03166082
5.033312,1.9527736,0.6245698,0.5116299,0.21871981,0.11099527
3.9788022,0.114747606,0.68493813,0.6040594,0.19150594,0.09634495
1.9937729,2.1983519,0.85400987,0.5948213,0.1426847,0.06834701
2.094254,6.9095736,0.82886094,0.5222449,0.15943962,0.05819657
4.733521,2.2430217,0.64990413,0.5546702,0.23975745,0.10619168
6.1015887,0.852679,0.6250933,0.5784678,0.26192173,0.1536045
2.457285,4.2656984,0.7708847,0.54060084,0.18674977,0.07434966
0.57439184,3.5759857,0.91803217,0.5374923,0.06325692,0.028223861
1.520863,0.6559419,0.9979825,0.6987818,0.0654538,0.03284276
8.856232,0.37829965,0.54106593,0.57589304,0.4078727,0.28469414
8.577093,0.737048,0.56566274,0.5881078,0.36615813,0.2429156
0.7194374,6.189172,0.92962164,0.5269152,0.07396615,0.041697733
2.4158986,8.354835,0.8042543,0.50729996,0.17672205,0.06210135
0.8579217,6.469,0.92182606,0.5254885,0.08115761,0.044016488
6.0837755,0.58967584,0.61356884,0.57941884,0.27572954,0.16443059
3.0183687,2.523792,0.76836896,0.56455994,0.20997141,0.08693851
0.42367536,4.338195,0.9347364,0.53426325,0.058891535,0.030031696
1.7749391,9.277091,0.8591976,0.5003914,0.12892392,0.056844156
0.010286853,4.4489427,0.9396248,0.5306652,0.03492819,0.027580163
1.8324901,11.2597885,0.85723907,0.48053285,0.124899305,0.058234647
3.694295,3.8378808,0.75207067,0.57274556,0.25134075,0.09050116
3.9476085,3.117424,0.73368406,0.5769479,0.26483586,0.09798016
3.898687,2.5790842,0.7303276,0.5788266,0.25073302,0.10687027
2.9489682,2.0682638,0.7659455,0.56494653,0.20550252,0.08925158
4.289369,1.3326367,0.65532243,0.52235883,0.19370556,0.10241149
1.1137854,0.5108813,1.0584179,0.73721826,0.023441317,0.016438456
3.780289,0.37057257,0.7095798,0.60192883,0.1810881,0.09388134
1.0547515,9.047828,0.9153298,0.5035312,0.08517468,0.050546244
0.17627677,15.334513,0.9952581,0.46554777,0.04884981,0.049840957
1.5422645,1.7020993,0.91808826,0.6086486,0.08546772,0.053604767
2.5767393,4.5240183,0.7735755,0.5465067,0.19112884,0.074237
2.5870488,4.2454886,0.7751718,0.551038,0.19596207,0.076277524
2.7917044,3.0004923,0.7827687,0.57319397,0.20495677,0.082772054
2.2934842,5.7733164,0.80415666,0.5319762,0.1693035,0.062085446
0.24930105,11.27668,0.97434247,0.48216122,0.037165474,0.04706651
5.3000236,1.7038473,0.6052093,0.49673122,0.22447073,0.11925116
2.2097647,6.772901,0.8190053,0.5231518,0.16813731,0.059342545
1.139921,2.567443,0.9386102,0.5802664,0.041297756,0.039040178
2.3387804,8.026594,0.810345,0.51086026,0.17253372,0.061289124
10.380402,0.21886817,0.5005547,0.5514639,0.49124315,0.37210816
0.5618786,14.903984,0.96567184,0.4578926,0.050060377,0.05190054
3.731104,0.7534406,0.7249454,0.5883662,0.16854234,0.08968093
3.3179739,6.810438,0.78829825,0.55980587,0.21436031,0.071655095
1.0616542,4.697468,0.89940125,0.5377608,0.095715925,0.04077043
4.4972076,3.622368,0.7112139,0.58042145,0.29755622,0.10249836
1.878679,1.0123541,0.920053,0.63983357,0.102148734,0.053919744
3.461699,5.313626,0.779794,0.5850757,0.24070713,0.08145732
0.39065754,10.776618,0.96459174,0.48692262,0.045067754,0.047463465
1.5516553,6.15672,0.87039894,0.5293284,0.12467293,0.051150493
1.831134,8.793822,0.8538505,0.50500304,0.13447468,0.05701856
10.436125,0.24635632,0.50082713,0.55265915,0.49163538,0.37193465
0.47372633,4.4288597,0.9329477,0.5345008,0.061630882,0.03126756
0.74073213,4.555416,0.918957,0.5363926,0.07648989,0.035670936
9.147654,0.62335026,0.54619795,0.58290994,0.39943042,0.27377194
3.8520567,0.089600965,0.6979321,0.6109532,0.18306156,0.09114732
5.230718,1.3358872,0.61373,0.51992434,0.22951975,0.123362355
7.859678,0.42512804,0.56811035,0.5831178,0.35942718,0.23948158
1.074676,10.526272,0.91680825,0.4894534,0.081134476,0.052243423
2.23661,2.8699346,0.8326799,0.58652925,0.163493,0.0735429
0.4104244,0.40773672,1.0773804,0.75380796,-0.110675916,-0.03458634
1.4024079,2.9090555,0.90582854,0.5738816,0.070437245,0.048060156
1.7518061,5.9684925,0.85412216,0.5308051,0.13866724,0.053170726
0.5628254,4.950946,0.9320484,0.5332215,0.06662981,0.035169125
0.19974987,12.022688,0.97926223,0.4753736,0.032483652,0.04758262
2.0164301,0.19611871,0.8938544,0.6728747,0.07059696,0.032389466
1.1030326,3.1656983,0.9077306,0.5585692,0.066193774,0.039857518
1.3303777,1.6626676,0.9540523,0.61279464,0.05170846,0.043885615
2.9515536,6.385518,0.7909642,0.54843503,0.19636708,0.06907335
0.57928663,8.008743,0.9452251,0.51205254,0.062589504,0.044685114
3.1204796,0.50748414,0.7838442,0.6228929,0.13999322,0.073088765
1.7328323,11.2841215,0.86559737,0.48063737,0.11832438,0.05753377
0.94265485,11.804875,0.9292563,0.47740397,0.06902146,0.052352678
0.48809093,11.833442,0.96113145,0.47733185,0.04582701,0.04930816
1.2599019,4.5726867,0.88250107,0.53935355,0.10505144,0.044330835
1.422869,3.2291038,0.88746315,0.56249624,0.08573857,0.048760086
6.2641153,2.7088127,0.6467143,0.59748256,0.2623422,0.119440004
1.7170067,8.567133,0.8628243,0.50748116,0.12776111,0.055839486
0.30991486,15.353106,0.98726285,0.46255258,0.04975597,0.050640967
4.535456,2.883115,0.6934632,0.5765598,0.27464685,0.115431614
0.42970216,6.780637,0.94955736,0.52109855,0.057931073,0.040273692
1.2002861,13.684988,0.9133931,0.4592727,0.07609384,0.055120487
0.39299208,8.441552,0.95785254,0.5076983,0.05238335,0.043850925
3.0064654,0.7488886,0.786694,0.6042515,0.13488546,0.07272639
0.7975062,4.88347,0.9177167,0.5352933,0.07975287,0.037968077
0.19283968,4.5544143,0.9444555,0.5313544,0.046782717,0.028669426
4.198223,2.2457845,0.69215995,0.56312066,0.23106694,0.10504171
1.2032024,1.325999,0.9753526,0.6254588,0.035110395,0.03606936
7.620122,1.1709003,0.60391545,0.5867272,0.3001629,0.1840774
0.28539836,2.099288,0.9755049,0.57651997,-0.020053668,0.018585753
0.61831856,0.0066806665,1.0270598,0.77979857,-0.06053639,-0.04107679
1.2521534,11.960542,0.9057986,0.4753932,0.0859693,0.05454894
5.769886,1.1843246,0.61974895,0.5476097,0.24488781,0.1378143
7.491708,1.5340817,0.59194386,0.5541723,0.28814185,0.17021172
0.18895529,12.91202,0.97865003,0.47225073,0.03646748,0.048219964
10.040513,0.48283455,0.5165547,0.56924045,0.45145595,0.32421866
2.0271995,2.9688053,0.875079,0.58831054,0.12575084,0.06779934
1.8407302,9.677639,0.85433894,0.4962341,0.1317271,0.05761542
0.7426987,14.178323,0.949388,0.4559084,0.049469884,0.052689176
6.376112,1.1174268,0.6191679,0.5676397,0.2629357,0.15380032
11.146621,0.08417192,0.49365807,0.54256785,0.5367247,0.4302934
1.3741885,5.724047,0.88230604,0.5324322,0.11410337,0.04811558
0.7579938,2.477839,0.96608543,0.57591206,0.019752204,0.027170757
1.1529557,3.7591364,0.8785629,0.54184115,0.0913535,0.04229603
0.39645576,7.1671643,0.95306206,0.5180332,0.055585288,0.040992796
4.162962,0.921985,0.6805899,0.5610419,0.19021681,0.10097612
4.860753,4.020224,0.6944086,0.5788772,0.31944853,0.10397563
2.7969265,1.8404505,0.7694881,0.56273353,0.19593751,0.08854326
3.7547638,0.31511948,0.709006,0.6039668,0.18142381,0.093499035
0.142093,7.6176124,0.9682363,0.5130793,0.04322986,0.039683808
3.4028032,6.264237,0.78137875,0.5712518,0.23713285,0.075831704
1.6285847,10.549246,0.87309873,0.48820454,0.11454634,0.056420546
10.852973,0.19738851,0.49632412,0.5468669,0.51436055,0.40064016
0.78807545,5.102383,0.9196596,0.5340965,0.079101704,0.03875987
0.5377692,4.7145042,0.93175787,0.53404695,0.06524543,0.033688247
4.3931313,1.267522,0.6486763,0.52487373,0.19952217,0.1051763
0.40803477,5.4308105,0.94360614,0.5295255,0.05846899,0.03533308
3.7615616,1.9585503,0.71276563,0.55980134,0.20624381,0.097746745
0.7950019,15.926048,0.9592907,0.45010966,0.05889456,0.05374023
2.9683952,0.4279757,0.7937618,0.62860656,0.13525052,0.06990834
0.87012106,13.973981,0.93957305,0.45739695,0.05667879,0.053316113
0.019738987,4.1807785,0.9338343,0.53159183,0.03404635,0.026545784
0.73060614,14.430668,0.94972295,0.455142,0.050290946,0.052709803
0.508547,2.877174,0.9435914,0.5552366,0.031150222,0.024874741
3.4992754,3.8369763,0.76080984,0.5749543,0.24265997,0.08838298
0.87639517,12.697314,0.9361019,0.4691163,0.06203438,0.05256212
1.6229697,1.9270327,0.9119427,0.6055567,0.092259616,0.056681905
4.483689,4.4579525,0.7174102,0.56652755,0.29343367,0.096125014
1.0165203,9.789714,0.91969234,0.49652186,0.08046844,0.05107816
2.1917768,7.4154544,0.82173306,0.5172775,0.16446507,0.059567757
1.227856,12.718683,0.9091859,0.4682341,0.08156167,0.054813877
3.8168528,3.4578006,0.7427937,0.569546,0.2553773,0.09329187
6.479911,1.9109359,0.60910416,0.525691,0.24344257,0.13731624
1.3797358,3.3288586,0.88349384,0.55800015,0.084394716,0.04719607
2.5518975,4.700492,0.776849,0.5442843,0.18901263,0.07282317
6.565468,2.1700296,0.6290613,0.5452941,0.23486422,0.13210677
0.80832464,1.3837563,1.0238817,0.62063706,-0.028488819,0.02152878
1.3030889,2.5709267,0.9318299,0.5844034,0.05264653,0.044608425
1.564617,2.5073438,0.9325118,0.5978492,0.07092002,0.053213112
0.17496543,3.3600852,0.91725403,0.5342847,0.0385561,0.023160864
5.094138,1.144778,0.6219012,0.53329974,0.22787559,0.12239675
0.08757969,11.534694,0.9840096,0.47953936,0.029742243,0.046264943
1.6129911,5.794785,0.8644074,0.5321563,0.12970513,0.051178776
0.6658364,1.7483475,0.99529964,0.59825927,-0.026447931,0.020889005
1.0391579,8.909878,0.9161782,0.5048182,0.084737115,0.05024133
0.7913557,6.6327744,0.92686146,0.52398837,0.07709181,0.04371259
6.3768463,0.8252822,0.61879385,0.581271,0.27349573,0.16343068
0.48336887,4.1486797,0.93006307,0.53543687,0.061780386,0.029718952
0.4162882,12.944742,0.9683756,0.46755043,0.03896215,0.049843904
2.3645425,8.870718,0.809244,0.50237167,0.17094447,0.061745256
3.6474922,5.3847055,0.7825307,0.5892442,0.24440926,0.08286218
0.64152974,11.750944,0.95068735,0.47811097,0.053527974,0.050265662
4.1179643,5.130891,0.74624157,0.577767,0.27455735,0.08921474
7.03695,0.8257321,0.60535425,0.58609277,0.29839197,0.1845556
3.3449304,3.1707478,0.7623368,0.570442,0.23009683,0.08895689
0.52412534,8.496096,0.9501496,0.5076866,0.058513764,0.045113962
2.4281785,8.29759,0.80314,0.5078144,0.17783736,0.062203396
1.417801,8.488897,0.8865672,0.508678,0.10884917,0.053076904
2.1645195,5.026163,0.8078548,0.5378974,0.1563641,0.061948825
1.2497435,10.690667,0.9036765,0.48764753,0.090694174,0.053682458
2.1379948,9.466226,0.8291596,0.49732128,0.15266936,0.059968203
5.2652044,1.0032828,0.6286415,0.5511778,0.23322035,0.12784624
2.6162732,5.105307,0.78290683,0.54468364,0.19503203,0.07169297
2.823035,1.9194871,0.7686736,0.56257486,0.19807073,0.08813869
4.8659077,2.3337772,0.6434148,0.55510587,0.24778631,0.108334444
6.3237605,1.0610144,0.6219417,0.5715691,0.262227,0.15356794
3.2043412,0.83684546,0.76616967,0.59199476,0.14394566,0.07793935
3.3176613,5.482903,0.7743125,0.5763388,0.23363023,0.07895162
1.7329389,0.5513719,0.96693796,0.6873101,0.06765338,0.037553135
1.3511183,10.217463,0.8948944,0.49207705,0.0985413,0.054088876
2.204327,3.6570787,0.82325435,0.56146204,0.15351608,0.07087666
3.6821516,2.8164034,0.7440001,0.5759147,0.24893758,0.0964548
7.0005875,1.8483479,0.59508216,0.5292752,0.26373953,0.15051068
0.17306805,14.592661,0.9875059,0.46741906,0.04481759,0.04933015
0.75815725,3.4050167,0.9065787,0.54135305,0.06680204,0.032270003
1.7939795,7.0105968,0.8535979,0.52194726,0.13833004,0.05509942
3.1229765,1.0616757,0.7667271,0.57508516,0.14615178,0.08208649
2.7530034,6.938423,0.7961084,0.53277594,0.19541544,0.06499596
3.9059129,3.2974668,0.7346353,0.57097656,0.26246464,0.09466529
2.4505553,3.431088,0.812998,0.5770636,0.17988266,0.076797664
2.2433152,4.9538126,0.7996386,0.5382701,0.16030061,0.06377162
6.585222,0.66979396,0.6077444,0.5830482,0.2904902,0.17780975
0.6323875,8.8883705,0.94438046,0.5045095,0.06277949,0.046724226
0.9808744,14.064711,0.9314059,0.45634085,0.062257662,0.054011323
4.5301685,4.3187137,0.7125513,0.56790996,0.2975759,0.097011365
3.3090243,1.4695773,0.72991383,0.53460664,0.16244014,0.089402676
2.3123956,5.2947392,0.79716605,0.53577137,0.16674045,0.06395672
2.2472112,8.537773,0.8187643,0.5061793,0.1640008,0.0606068
2.4834163,0.8536252,0.82810897,0.6045304,0.123309106,0.07034095
1.4142529,13.240154,0.89522904,0.46279722,0.09053075,0.05622639
5.701177,1.1690843,0.6206268,0.54727405,0.24321224,0.13640305
4.3311553,1.6662972,0.65312713,0.5060889,0.19356596,0.10321064
0.1983653,14.192363,0.98165995,0.46775496,0.042762704,0.049203172
1.7027215,10.919831,0.8675512,0.48432794,0.11783658,0.057157613
7.4763794,0.34888622,0.5736596,0.5832715,0.3476045,0.22868866
0.16117701,8.319359,0.9700435,0.50765705,0.042428035,0.041538745
2.0761237,4.035276,0.8023359,0.5426802,0.15546057,0.06531696
6.2054734,0.7427943,0.6183102,0.5799664,0.27183273,0.16175222
0.37248147,2.7914138,0.9447868,0.5551704,0.021168327,0.02293552
1.6267594,10.952826,0.8738641,0.484231,0.112849995,0.056618605
2.987082,5.1622424,0.77633154,0.56375897,0.21218695,0.07604642
0.6390804,1.7524046,0.99345195,0.59669995,-0.02825049,0.020454787
4.082002,2.6073244,0.71652144,0.5766002,0.25512075,0.10973148
1.5828011,7.4193864,0.8713813,0.5184954,0.1229537,0.053412985
1.4473437,0.7946966,1.0007659,0.6955921,0.06439518,0.03784017
6.6023273,1.5672328,0.59932745,0.53347796,0.26211613,0.1496436
0.64799285,0.90459985,1.0760524,0.6806754,-0.07328891,0.0033778264
6.3557386,0.97807986,0.62523943,0.5797945,0.2643718,0.15593977
2.4370022,3.7672398,0.8058426,0.564314,0.17627624,0.075517066
1.2908952,6.467236,0.8912022,0.52661586,0.10705187,0.04879547
8.005054,1.1169069,0.5957411,0.59187,0.31642887,0.19757856
0.26386997,5.837348,0.9534129,0.5260427,0.05125635,0.03527321
3.9972248,3.7124069,0.73622966,0.56946707,0.26575115,0.094242804
1.7931348,4.692383,0.8376956,0.54004484,0.13322702,0.055300914
11.232038,0.11005811,0.49409303,0.54441005,0.538409,0.4316669
10.669336,0.15461877,0.49667928,0.54571277,0.50942,0.39562455
0.54688025,15.8277645,0.97638154,0.45604795,0.054646123,0.052271895
1.8736659,4.343038,0.825653,0.54189175,0.13473447,0.057912525
7.1515894,1.3561395,0.60242367,0.56269497,0.28171045,0.16717152
1.7184563,6.119177,0.85723853,0.5296204,0.13596551,0.05302793
1.0444452,13.68112,0.9256078,0.45969912,0.06729252,0.054187518
3.6061525,6.044167,0.77143323,0.583654,0.24698679,0.07889609
1.1062484,14.332713,0.92230916,0.45359954,0.06811553,0.054864764
0.719072,0.03903846,1.0285474,0.77980506,-0.04751084,-0.03820817
2.5654185,2.5716715,0.7854635,0.5684023,0.19154221,0.0808875
2.3750324,0.49850267,0.84891665,0.6379393,0.10647645,0.05562362
1.7238641,10.978072,0.86588633,0.48368615,0.11896766,0.057338394
2.7254674,5.7345233,0.7873324,0.5447021,0.1873713,0.068882935
1.982823,9.629727,0.84242463,0.49625078,0.14142343,0.05875079
0.8017165,2.2908685,0.97253627,0.5824313,0.012263435,0.02690122
3.6919487,2.8362815,0.74355805,0.57569987,0.2495416,0.096356235
3.087076,6.8466253,0.7926943,0.5489542,0.20356348,0.069025114
2.7151592,4.868644,0.77685845,0.55211234,0.19698538,0.07400263
6.6972027,0.6947305,0.6066127,0.5837817,0.29334745,0.18033405
4.1218095,3.610446,0.7269745,0.5708849,0.27488026,0.095763884
4.5635448,2.001033,0.65220404,0.5349894,0.21940678,0.10476116
3.0131598,5.2461014,0.77653384,0.56447834,0.21266915,0.075774156
0.32709754,1.6769034,0.9848238,0.5845539,-0.04143771,0.014053539
1.4427607,8.649598,0.8849149,0.50712365,0.10985586,0.053467426
0.8060853,0.43424907,1.0794052,0.75320774,-0.035727475,-0.0032095409
1.3073251,11.841464,0.90120536,0.47641143,0.08969794,0.05485233
2.236303,9.264262,0.8205956,0.49895918,0.16030787,0.060732473
0.1942643,4.402624,0.94131005,0.5320208,0.046090826,0.028101685
0.8819713,2.7906604,0.942125,0.56789076,0.039791945,0.032546934
1.1830641,1.8639982,0.9872727,0.6133085,0.022709245,0.03761601
0.5986105,1.3293335,1.0131671,0.6103623,-0.052432444,0.015801601
1.7843504,3.2953942,0.86293447,0.5659197,0.11119795,0.059924264
1.0745002,4.402099,0.89517635,0.5392596,0.09463012,0.040453944
2.4870734,2.7236931,0.7905085,0.5719441,0.18976755,0.07935715
1.7895257,4.9883504,0.8418183,0.53821015,0.1355888,0.05457681
2.3876522,5.140894,0.7883649,0.53672475,0.17040698,0.06602104
1.7228305,3.4493594,0.8559396,0.5591668,0.11191888,0.057251528
1.4400314,11.270867,0.8895771,0.48161772,0.09994484,0.055445924
9.729765,0.12184519,0.509935,0.5559868,0.46623063,0.34702367
1.1719451,7.778842,0.90376616,0.51526785,0.09609208,0.049873676
0.28240782,7.590605,0.96099156,0.5141329,0.049398508,0.040955294
1.0030769,1.8918765,0.9935649,0.606309,0.006301214,0.030730804
2.3220925,2.5451565,0.80659103,0.57734895,0.1763532,0.076350495
0.22603506,8.427972,0.96708137,0.50709176,0.044914097,0.04234729
0.7218455,1.3576729,1.0210752,0.6166409,-0.03936013,0.01913781
1.5521244,10.838116,0.8797901,0.48556554,0.10858601,0.05601126
1.1718999,4.2896056,0.8856028,0.54027337,0.09792221,0.04257894
1.7153825,5.8468986,0.8565915,0.53176606,0.13651106,0.05252026
2.726337,2.4164183,0.7777371,0.5648678,0.19649376,0.083311856
3.5478156,1.5343794,0.7076804,0.5242672,0.17132469,0.09301063
1.3517035,8.520487,0.8917741,0.5084296,0.104638405,0.05251793
3.579201,5.7594614,0.7724816,0.5836421,0.24822614,0.08075957
1.4271358,1.5855864,0.9341291,0.611595,0.069673546,0.04837824
2.6059523,7.2885,0.79729575,0.52234906,0.19128211,0.06327983
6.286697,1.6890564,0.5966728,0.5160005,0.25176644,0.14047113
3.3912816,5.174715,0.7812665,0.58425814,0.23729818,0.0813352
8.837742,0.18287557,0.5354087,0.5716089,0.4187431,0.29837778
3.2369459,3.7078774,0.7712929,0.57668024,0.23016736,0.08594094
3.1985393,1.1278414,0.7582964,0.5681499,0.1498066,0.08424739
4.775047,3.7221284,0.703456,0.5864068,0.31270543,0.107492834
1.0649511,1.04346,1.0313356,0.66742265,0.0016014893,0.02144032
3.8555367,3.913013,0.7451253,0.5713238,0.25926816,0.09196075
0.7077122,10.480329,0.943221,0.48997313,0.061418775,0.04945154
0.96530247,1.7316959,1.0080519,0.6129813,-0.0026629516,0.028018227
7.8744564,0.3721768,0.56523365,0.58217174,0.36384034,0.24368803
0.7424665,4.224977,0.91635805,0.53765994,0.07639983,0.033950083
4.3748827,2.7812347,0.70142585,0.57660204,0.26769537,0.113539636
2.8596783,1.3772467,0.76804966,0.551408,0.14969385,0.08285659
1.5692862,0.38481736,0.9974225,0.7122695,0.046592794,0.023530655
1.6531746,1.3739419,0.8914659,0.6095896,0.10645542,0.056460902
6.5859346,1.1232218,0.6171956,0.57155985,0.26908106,0.15895751
6.061487,1.7950115,0.60530514,0.51402175,0.2393025,0.13246346
5.182427,2.5588498,0.64435446,0.56655526,0.26151702,0.1129894
0.44455525,8.4222145,0.95475626,0.50805575,0.054867093,0.044270687
1.5009342,6.332275,0.8748746,0.5278994,0.12086553,0.050892964
3.9257078,0.8710563,0.70311797,0.57214594,0.17831592,0.09507455
0.7103663,0.71366185,1.091237,0.7203037,-0.06072798,0.0009712086
8.072425,1.3107274,0.59276927,0.5825792,0.31103286,0.19089153
7.892645,0.88778526,0.5887809,0.590046,0.32756144,0.2086498
3.306085,6.289819,0.78453034,0.5663241,0.22930646,0.074574634
8.502855,0.12637094,0.54357016,0.57606065,0.40405262,0.28486133
2.4542553,0.5286865,0.8412768,0.6338574,0.1115748,0.058683276
6.057941,0.20057324,0.6015679,0.58536464,0.2890188,0.17451942
3.2285218,2.4597728,0.7580446,0.5672517,0.22220948,0.09033531
8.713658,0.016620504,0.5370988,0.57523036,0.41673496,0.29845607
7.0054708,1.2045496,0.6098561,0.5728272,0.28030097,0.16755895
0.22299047,2.1422338,0.9702908,0.5725736,-0.019559061,0.017325504
1.8054544,10.65163,0.85863215,0.48665515,0.12556888,0.057798397
2.8856678,0.097488426,0.78168947,0.6346774,0.12898077,0.06207835
0.5370525,5.234584,0.9353596,0.53161335,0.0651918,0.03610189
1.9987876,5.820758,0.8322242,0.5318808,0.15376788,0.05669506
0.19685285,11.071897,0.9767457,0.48390344,0.035679802,0.046444427
3.6094937,3.0343502,0.74720865,0.56939006,0.24433191,0.092395
1.5489714,10.193738,0.87903446,0.4919103,0.11087245,0.05560128
3.4254844,2.494429,0.75320446,0.5747595,0.2335944,0.09534334
5.0506945,3.1924083,0.6656204,0.5758545,0.29834142,0.12046814
2.4072726,9.361104,0.8061675,0.49723738,0.17195024,0.062194973
2.115358,6.870701,0.8270353,0.52254015,0.16106874,0.05839206
0.05786988,2.89525,0.92669785,0.54273075,0.016617164,0.019582633
5.604772,3.3999376,0.66789013,0.59640044,0.30678678,0.12422892
2.5558238,5.3338046,0.7839462,0.5398036,0.18291607,0.068513036
0.027604291,6.2563667,0.96651864,0.5214351,0.040588398,0.034233287
0.50531095,4.328321,0.93046695,0.53514487,0.063208394,0.031129401
0.92974514,5.719817,0.9137994,0.53111565,0.08664381,0.04272145
0.400653,13.707693,0.96807516,0.46486655,0.042134248,0.050199084
6.174747,1.5178015,0.60410386,0.5280584,0.2512989,0.14130671
3.323991,0.8524452,0.75541514,0.5880862,0.14939635,0.08075956
4.220584,4.6086917,0.7311579,0.57020885,0.28160557,0.092922725
1.5256643,10.658101,0.8816548,0.48740104,0.1076264,0.05571152
2.06619,0.8880675,0.90302646,0.63722795,0.10512147,0.060027882
1.5085859,9.976464,0.8819479,0.49413434,0.10915817,0.055139653
0.17627656,0.28811955,1.0739235,0.76425946,-0.14394939,-0.04903066
4.7418,1.986409,0.6373741,0.52377677,0.22080596,0.107130215
3.723722,3.8941627,0.7510745,0.5727976,0.25313318,0.090607256
2.4863625,8.394152,0.79831845,0.50659364,0.18162693,0.06275929
6.838873,0.08347108,0.5860698,0.59201556,0.3227865,0.20657167
8.9707365,0.7866579,0.5583492,0.5885584,0.3783173,0.25272298
3.4820642,3.582958,0.7598364,0.5731185,0.23971218,0.08908464
6.023517,2.0813382,0.6307214,0.5335095,0.22525033,0.12426158
2.655895,4.345053,0.7759334,0.5542569,0.19966161,0.07669777
2.2427886,8.804961,0.81948155,0.5035365,0.16261888,0.06065462
4.589376,3.1848059,0.70372283,0.5837118,0.28886884,0.1131207
4.034683,4.768774,0.738212,0.57189834,0.2750403,0.09041044
2.2400677,2.7286713,0.82784057,0.585422,0.16587874,0.07390425
4.4943495,4.078422,0.71133244,0.56969595,0.29686323,0.09756867
0.9230922,0.3808878,1.0712824,0.75870764,-0.013681263,-0.0007797946
3.2336097,7.1794643,0.79285806,0.5510486,0.21020688,0.06951561
1.7207017,8.78572,0.8628805,0.50534797,0.12720183,0.056041487
2.4711227,1.3360238,0.7923851,0.564352,0.15247482,0.07542846
12.056011,0.11943105,0.4945552,0.5522212,0.57357156,0.4739196
0.42676172,15.410917,0.98026216,0.4597923,0.051106047,0.051362377
5.501062,3.2079144,0.66292197,0.59001344,0.29721645,0.12225773
3.6136315,6.052033,0.77132154,0.5838823,0.24746959,0.07894941
2.851318,7.424115,0.7983515,0.53132045,0.20137241,0.06478488
7.6053405,1.4453161,0.5938933,0.56362545,0.2934385,0.17536701
4.644955,3.4032848,0.7088033,0.5878428,0.29989973,0.110484526
1.9004428,6.648045,0.84413105,0.5249861,0.14680934,0.055830523
1.6046073,7.178993,0.869105,0.52064574,0.1251531,0.053329237
3.2334175,5.2111235,0.77583027,0.5759943,0.23124734,0.07963754
9.090682,0.80554307,0.55627686,0.5887724,0.38166177,0.2553045
2.4394727,3.8441474,0.7991904,0.5598987,0.1784272,0.07538675
8.364666,1.0556138,0.58470374,0.59280646,0.3341869,0.21240714
4.355872,3.4847813,0.71731204,0.58007294,0.289113,0.101556994
3.3946846,5.1396136,0.78189933,0.58474994,0.23715186,0.08152846
0.62367964,3.9104562,0.92047316,0.5374816,0.069131054,0.030265132
2.240895,3.164282,0.8417536,0.5829887,0.15467711,0.07271065
4.998212,3.506794,0.6846848,0.5837576,0.30981645,0.11661659
4.235395,2.233653,0.68869656,0.56221247,0.2308576,0.10487002
5.3917923,3.1137424,0.6604755,0.5847793,0.29279715,0.12100518
1.2131807,3.5682404,0.8768862,0.54544467,0.08936989,0.04361864
3.4614289,6.22449,0.77853847,0.57459754,0.23945569,0.07651013
0.009146897,10.721824,0.9855308,0.48650855,0.02949427,0.04462274
0.9855304,4.9328837,0.9059216,0.5361453,0.090882994,0.04068167
8.834608,0.20554985,0.535911,0.5718905,0.4176312,0.29686177
1.771597,2.5026028,0.9052285,0.5977229,0.09926676,0.06082202
5.3923244,2.2728581,0.63664746,0.55024475,0.2390296,0.11316005
2.0250294,10.286217,0.8397239,0.4895213,0.14164779,0.05933032
5.159854,0.99423635,0.6289652,0.54913473,0.23056778,0.12534584
0.51576304,5.4420424,0.93783486,0.53033626,0.06396654,0.036699403
0.37157065,3.5191336,0.92339456,0.53582245,0.052553732,0.024787653
0.015849892,5.608337,0.96275026,0.5247661,0.0404508,0.031405725
3.1741354,2.4995983,0.7604042,0.5651426,0.21882355,0.08885257
0.8612159,2.0582998,0.979843,0.5913453,0.0017680272,0.026732951
0.57904285,0.04844181,1.0328239,0.77767056,-0.06639944,-0.03951541
0.33259898,13.705494,0.97125876,0.46624342,0.04135375,0.049741965
1.689432,1.8311287,0.89618605,0.60533386,0.106274076,0.05936513
2.9011514,2.8487809,0.7769601,0.57038134,0.2080118,0.08450705
7.1809077,0.56734926,0.5904873,0.58522147,0.32074288,0.20436177
2.2367606,0.39174482,0.8678846,0.6528938,0.0926319,0.046586297
1.1592889,8.9988785,0.90743816,0.50398993,0.0914178,0.05137858
1.8088512,10.749634,0.8584881,0.48567078,0.12540065,0.057865154
0.8541204,0.070424706,1.0277784,0.7792215,-0.028993113,-0.03421969
6.740488,0.81067556,0.6109266,0.5841853,0.28798613,0.1757616
2.0138192,5.043346,0.82201594,0.53789514,0.1481185,0.058901
2.926459,6.255363,0.7902443,0.5487816,0.1947174,0.06924466
6.8141193,1.7728792,0.5919889,0.52317125,0.2634545,0.14938164
3.076819,4.6575775,0.78361464,0.57805866,0.22346167,0.08030737
5.087759,2.8486307,0.65252185,0.5693963,0.2801974,0.117148645
0.96684676,1.8517338,0.9974301,0.606781,0.0019965624,0.029050553
3.6549911,5.511834,0.77966243,0.58835524,0.24677798,0.082438394
3.679176,0.64844215,0.73429817,0.60023785,0.16544135,0.087314665
0.6956106,4.9378524,0.9242746,0.5343165,0.07392716,0.036854673
1.9217789,7.2525826,0.84374446,0.51952267,0.14622255,0.056682393
1.8554152,10.908818,0.8548198,0.48392957,0.12781931,0.058271863
0.035773255,13.880421,0.9873984,0.47203115,0.040436376,0.04792456
0.85336375,6.270633,0.92132473,0.52694225,0.08128937,0.043438952
1.6960489,10.4916115,0.8674688,0.4885831,0.11909439,0.05689951
4.0478134,3.092157,0.7309847,0.581688,0.27051896,0.10096605
1.7475665,11.25342,0.86432505,0.48089063,0.11939904,0.05762622
2.2303667,7.1886945,0.8181076,0.5192778,0.16806331,0.059832692
2.4634259,0.7540082,0.8330441,0.6133618,0.120101824,0.06734522
1.4038136,8.807775,0.88826656,0.5056528,0.106874734,0.053284265
2.6832006,7.5999646,0.79770106,0.5223123,0.19341213,0.063805714
4.9128375,3.6334121,0.6968353,0.5879694,0.31447884,0.112484574
1.4360609,13.110394,0.8931943,0.46395168,0.09237795,0.05630863
4.400504,2.48821,0.687087,0.567558,0.24910857,0.11001544
12.176348,0.04126774,0.4927853,0.54739875,0.5869224,0.49272323
0.7192651,14.700608,0.9521952,0.45464772,0.051384356,0.052760683
0.58090043,0.69331765,1.0972652,0.71756774,-0.0889938,-0.010840751
3.307272,3.7025397,0.76827157,0.5759438,0.2331273,0.086730324
4.8282447,2.5288131,0.6548805,0.56164974,0.25877345,0.11173895
5.260485,1.1614721,0.6214363,0.53641427,0.23184307,0.12609537
3.2387216,6.8927927,0.7911863,0.5550815,0.20822854,0.07056969
0.7227794,6.147334,0.9292219,0.5272242,0.07421815,0.04161033
5.1453524,1.4323119,0.6093922,0.5090292,0.22660589,0.12033821
4.9694185,0.83579344,0.6362237,0.55908626,0.22638413,0.1215397
2.904378,5.833226,0.78829235,0.5524,0.2012183,0.071659386
4.2156143,4.1168838,0.72918093,0.5680322,0.27767235,0.0949392
1.9043952,8.501148,0.8473618,0.50767416,0.14049168,0.057481445
6.7759323,0.16637953,0.5869968,0.58795995,0.32052982,0.20435975
2.7061636,2.2144535,0.77534765,0.5612928,0.1936063,0.08346105
1.6121933,0.6146806,0.990398,0.69620186,0.069495976,0.036092285
3.2245677,3.2755272,0.7683848,0.5727854,0.22573929,0.087162964
7.468052,1.0148029,0.6039748,0.58897096,0.30282095,0.18743542
4.9658084,1.3965753,0.610295,0.5070199,0.2228454,0.116899855
1.1237432,12.694375,0.91730934,0.4687022,0.07566659,0.05413624
0.33837804,11.35061,0.9692817,0.481624,0.040749963,0.047773276
0.73542154,0.36031124,1.0728047,0.75874054,-0.048731655,-0.014493149
3.7430394,5.8271217,0.7740172,0.58762115,0.25351143,0.082022145
1.3569946,6.6417246,0.88680387,0.5252669,0.11076259,0.049860876
1.2217981,4.5283165,0.8850346,0.5394117,0.102789365,0.043553937
5.1812387,3.2249029,0.6638088,0.57938915,0.30026662,0.12132481
3.2397735,5.602871,0.7758506,0.57202464,0.22500305,0.076677285
7.4016066,1.1777996,0.6063901,0.58239675,0.293106,0.17827311
3.5578947,2.5083926,0.75045663,0.5798024,0.24110533,0.098992705
2.8055525,6.729094,0.79433054,0.53763705,0.19508827,0.06622073
2.7942717,6.357348,0.7917477,0.54138756,0.19192049,0.067299515
0.34103227,1.6536736,0.98513407,0.585363,-0.04217187,0.014118532
2.1091642,1.3831677,0.82495946,0.575339,0.14099224,0.0683643
1.0313283,1.3940781,0.9974035,0.6197931,0.009047957,0.02898531
2.2606368,3.6833894,0.819359,0.562159,0.15885289,0.07211224
0.49592632,6.5062003,0.9445547,0.5234576,0.06168928,0.040174842
2.2895117,6.8583083,0.81253874,0.5221237,0.17354614,0.0602663
1.9111838,0.08802873,0.90584916,0.6890864,0.052191112,0.017414022
8.265197,0.9892728,0.5843248,0.5919693,0.3349883,0.21379705
0.86270475,10.786727,0.9329796,0.48710352,0.06846534,0.050915487
1.0935756,2.3990834,0.94883627,0.58439106,0.031189702,0.03695329
0.4032889,11.1991415,0.9649097,0.48308295,0.04418233,0.04805437
3.3123367,2.9462512,0.7614722,0.5680428,0.22671473,0.089358665
1.2238562,3.9253092,0.875599,0.54180604,0.09659937,0.04390274
1.4134623,11.188403,0.89157623,0.48248553,0.09864002,0.055208616
1.2103255,6.7916718,0.8981966,0.5238513,0.10121682,0.04856168
2.6168194,7.929042,0.7973183,0.515993,0.18936834,0.06347517
2.6478124,3.8625686,0.80857563,0.5786049,0.19128281,0.07806284
4.8214893,3.8991556,0.69720185,0.58197933,0.31681135,0.10511138
5.7241807,1.0197772,0.6271343,0.5615045,0.24545409,0.13905406
4.8122015,1.278703,0.6146842,0.5129379,0.22034524,0.11474805
3.5831385,5.250854,0.7841781,0.5887288,0.24124978,0.08281084
0.08517766,11.027121,0.98263186,0.4840403,0.03137077,0.045595072
1.0623817,1.2762755,1.0052985,0.63312775,0.009553115,0.0278028
0.79309946,9.743039,0.93563867,0.4969087,0.068392314,0.049247812
0.36387318,13.900949,0.9695164,0.46482018,0.04255463,0.050065238
2.7389622,5.5422153,0.78638697,0.5472027,0.19398962,0.07064749
1.6063393,2.4887412,0.93313545,0.6003667,0.073679104,0.05461146
0.67307264,2.87389,0.9448822,0.55930454,0.03724656,0.027447188
0.56249464,6.030113,0.93840474,0.52710515,0.06581559,0.03941173
1.0210855,4.776683,0.9026141,0.53715146,0.09316011,0.04053729
6.8880424,1.4964914,0.59965116,0.5455461,0.27134663,0.15756634
2.8045743,3.8799238,0.79892486,0.581505,0.20562297,0.080106996
0.32414997,2.5263193,0.9581403,0.5638984,0.0044810274,0.021390975
2.3071282,2.0196154,0.7977907,0.5675492,0.17103283,0.07690724
0.7180947,4.229243,0.91782516,0.53744125,0.07498933,0.033618826
1.5230097,6.0647593,0.87230015,0.5300397,0.12302113,0.05064048
0.83508474,2.7751286,0.94514656,0.5673182,0.03738668,0.031201674
1.6177076,6.0319076,0.8648621,0.53033066,0.12940545,0.05169175
0.6600581,11.514967,0.94886523,0.48030373,0.055315632,0.05017217
2.9018009,0.44236213,0.80115277,0.63027596,0.13143715,0.06799689
1.5171771,0.57469577,1.0052769,0.7064272,0.06220735,0.030695846
4.939983,0.44779468,0.6227884,0.5671308,0.2408992,0.13058971
2.8283727,5.1700583,0.7801742,0.5554594,0.20398988,0.074096344
5.1554575,2.050605,0.62867737,0.5237907,0.22480108,0.11187164
0.34084702,0.13024181,1.0525291,0.77286315,-0.10593755,-0.041371718
0.47548512,10.815457,0.95939785,0.48668048,0.048847467,0.048125923
2.6172385,2.2623034,0.77914387,0.5627047,0.19041936,0.082151145
3.2316725,6.158605,0.7850898,0.5644964,0.2255211,0.07436141
1.9265934,8.122001,0.8449284,0.5112984,0.14341207,0.057430588
1.8512756,0.920906,0.94204104,0.65620196,0.097065866,0.052930895
0.8720145,10.48951,0.93168044,0.48991296,0.07002993,0.05069064
3.5572705,2.9031088,0.74763733,0.5692056,0.24169953,0.09218589
4.1992087,2.2391844,0.69178396,0.56290287,0.23066367,0.10490877
2.143644,2.255806,0.82843703,0.58540565,0.15905203,0.07232216
2.5899181,5.7008557,0.7869481,0.5382765,0.18167283,0.06705603
4.8242006,3.3814447,0.6933849,0.58414626,0.3014389,0.11497137
2.5216327,1.1178402,0.81599057,0.58223283,0.13094674,0.076141074
5.6832757,1.469884,0.60792196,0.5201882,0.2391986,0.1314245
1.3974462,0.30747867,1.0224236,0.73500055,0.032294717,0.009382629
4.532901,0.8119866,0.6526823,0.56010735,0.2100433,0.11035582
1.1408818,13.41384,0.9174939,0.46193722,0.073782384,0.054631412
3.2984653,6.7373524,0.78821766,0.55992466,0.2145418,0.071809344
1.419761,7.662093,0.8846861,0.51637644,0.11171051,0.052108422
6.0454087,0.4223433,0.60678124,0.5800904,0.28295302,0.16971661
1.7372208,6.6677217,0.85731125,0.52502924,0.13559535,0.054060612
0.9090923,15.187715,0.94292474,0.4490932,0.05733748,0.054125592
3.5512724,3.3846996,0.75523204,0.5705074,0.2411368,0.0906198
1.4581122,10.880766,0.8874733,0.48538238,0.10257047,0.055346437
3.2841656,2.3315248,0.7576366,0.57318074,0.22521049,0.09436487
6.0277505,0.49068135,0.61009675,0.57945603,0.27881375,0.16651425
2.93654,3.7869518,0.7876658,0.58060825,0.2153093,0.08204048
4.6141944,0.510365,0.63359445,0.56442815,0.22586317,0.118587315
1.027351,7.6277533,0.91391605,0.5164423,0.08800538,0.048229422
1.9074892,5.072672,0.83213204,0.5377039,0.14258717,0.05672309
11.282018,0.017483179,0.49297425,0.5415021,0.5479284,0.44531223
1.6890519,5.8568506,0.85869384,0.5316933,0.13469005,0.05222008
3.8205729,4.169431,0.74813426,0.57335174,0.25978276,0.090594865
0.36340293,10.7522545,0.96618617,0.48710123,0.043922663,0.047235064
4.002744,2.4749596,0.7169345,0.57328796,0.24564505,0.10838113
0.26528665,4.0146146,0.93366325,0.533859,0.048550323,0.026773378
6.4761605,2.018989,0.6182004,0.5310862,0.2362673,0.13375959
1.4693761,5.747242,0.8752443,0.53240126,0.12026206,0.04932976
7.625513,1.5107218,0.59123933,0.5585612,0.2926069,0.17391835
2.9533632,4.1586714,0.79178184,0.5805579,0.21497564,0.08089086
4.2369223,1.0822423,0.6683156,0.5448378,0.1931281,0.10248261
6.6836185,0.2811283,0.5893394,0.58435255,0.315564,0.1990372
12.590792,0.026103545,0.4918236,0.5476304,0.60736436,0.51888824
1.292575,9.773969,0.89870554,0.49646926,0.09663338,0.053264253
0.071202576,0.82998013,1.0344837,0.64542407,-0.15292695,-0.031755164
7.4557676,1.3879415,0.59780556,0.56570524,0.2901817,0.17351556
0.714395,13.069123,0.94873315,0.46588635,0.05219294,0.05180509
1.186387,4.7962775,0.89140993,0.5378064,0.10350472,0.042875774
0.64639723,0.67249984,1.0956205,0.72429156,-0.074367076,-0.006167106
0.7851943,11.576561,0.94024223,0.47969106,0.06148061,0.051090416
2.89715,3.2056546,0.78088737,0.57486606,0.21125941,0.0835114
2.8233306,5.7474413,0.7877385,0.5493602,0.19607571,0.070728146
3.0707467,1.0412514,0.77191335,0.5779,0.14409678,0.08105279
1.8927068,0.70536244,0.9385581,0.6650458,0.08629707,0.049217016
0.8449231,14.589946,0.9428778,0.45209128,0.0531806,0.053498425
3.3508444,5.0252376,0.78334564,0.58439356,0.23462582,0.08156419
5.378086,1.0768745,0.6252671,0.54735225,0.23557961,0.12983866
5.026485,3.029261,0.66039157,0.5729247,0.29063353,0.11931063
3.1140594,3.330743,0.77343667,0.57439077,0.22149904,0.08569602
8.613522,1.0138971,0.57698953,0.59290516,0.34671554,0.2230615
0.7068112,1.28032,1.0358232,0.6269728,-0.049674656,0.01652263
0.8220935,6.362724,0.9237671,0.5261382,0.07934735,0.043340147
10.090015,0.27662787,0.5045829,0.5560391,0.47399354,0.3505328
0.8532108,7.2713933,0.9250013,0.5191024,0.07905319,0.045828264
2.5585237,4.8640566,0.7794787,0.5434868,0.19108596,0.07204799
1.8901024,7.567671,0.84695214,0.51666343,0.14294344,0.056643758
2.428836,6.9613857,0.801062,0.5206688,0.18325043,0.061819844
1.732,3.9181988,0.83199835,0.54333365,0.12343779,0.055835053
1.6283044,1.027073,0.9525281,0.6587039,0.08323094,0.047714178
1.5237468,2.5523913,0.9296436,0.59401596,0.069066696,0.051889047
0.38011387,15.256017,0.98171735,0.46122,0.049836136,0.05100095
0.87937564,4.023065,0.9043507,0.53940195,0.08163577,0.036013484
2.9240615,5.006388,0.7759371,0.56163955,0.21009547,0.076306604
1.0716575,14.983215,0.92663413,0.4478574,0.06352598,0.054952834
3.6223683,1.092219,0.72086763,0.5599245,0.16377212,0.088955864
2.0527008,6.849821,0.83215815,0.52288836,0.15672824,0.057697948
3.6816583,0.7286885,0.73033565,0.59203386,0.16601948,0.08825772
2.152844,3.339638,0.8514455,0.5771201,0.14091967,0.07029505
1.9817189,1.4635328,0.83404106,0.5801139,0.13855202,0.06751369
2.030973,4.226258,0.81020224,0.5421101,0.15220924,0.06301008
4.5855074,2.3750973,0.66741127,0.56112915,0.24530081,0.10842768
0.5485814,13.303045,0.9608525,0.46390563,0.04316264,0.050958715
0.4278895,5.2021613,0.9410753,0.5308638,0.0595456,0.03458383
3.7697713,3.1112058,0.7393038,0.57059616,0.25456312,0.093843274
6.2920084,0.9465957,0.62572414,0.5799529,0.26354253,0.15525192
0.578613,2.5751672,0.9618532,0.56864625,0.017248325,0.024764987
0.85202014,5.1582136,0.9159464,0.53417516,0.08276099,0.039806608
0.71052164,1.4209992,1.0187843,0.6146977,-0.037109446,0.019585298
1.2151831,9.965751,0.9050442,0.49470618,0.09132313,0.05282147
3.3433616,0.23961954,0.74869156,0.6215731,0.15817575,0.080319755
1.0369326,11.3063345,0.92117757,0.48202702,0.07611347,0.052618887
2.8142893,2.1125188,0.7696102,0.55904216,0.19754946,0.08513428
6.6977386,1.8443412,0.59993505,0.5253466,0.25472337,0.14421807
2.108086,1.6994882,0.8204481,0.57581437,0.15171184,0.07157266
0.11973786,3.1648793,0.91341764,0.5345378,0.032746535,0.021760415
1.7273575,3.5495336,0.8501816,0.55535024,0.117050365,0.057268154
6.2980933,1.199985,0.6163026,0.55859447,0.25941828,0.15025331
6.961559,1.7818484,0.5902541,0.5254097,0.26736888,0.15223883
0.45079812,12.551022,0.9653794,0.47076383,0.04145254,0.049733616
3.6124108,2.6473625,0.7472927,0.57816076,0.24462785,0.097699024
8.475935,1.0165429,0.5804175,0.5927003,0.34120676,0.21854721
0.23493534,9.613594,0.9704187,0.49698013,0.041966606,0.044622198
2.1866217,5.1086507,0.80678034,0.5373061,0.15823461,0.062123172
0.19098292,3.5654922,0.92252094,0.53428537,0.040968973,0.024329582
6.717123,0.74112236,0.6082987,0.58397216,0.2913058,0.17859846
0.9286454,11.594105,0.9298556,0.47941366,0.06905366,0.05209244
0.56727576,3.7970574,0.92246395,0.53713685,0.06570843,0.028629746
3.9241512,4.3286414,0.7440695,0.5728947,0.26578045,0.0910586
1.3186458,12.4421425,0.9014172,0.47062993,0.08800352,0.055254724
0.16207929,10.371512,0.9766309,0.49006498,0.036567815,0.04523485
3.3791075,0.94625455,0.7468901,0.578213,0.15221149,0.08269772
0.75601494,14.996982,0.95259076,0.45314437,0.053522706,0.053123653
1.6943674,6.5604815,0.8604326,0.52598184,0.13303864,0.053437363
2.9462357,4.4698567,0.78260875,0.57438767,0.21824622,0.07976136
1.539065,12.345724,0.883344,0.47092,0.10179323,0.056650773
3.9176836,3.011614,0.7356001,0.5792124,0.26287135,0.09910053
2.318055,0.5554221,0.8597588,0.63899565,0.10524745,0.056755092
2.3365145,2.1943212,0.7967761,0.5689285,0.17523493,0.0775035
3.9727154,3.5133662,0.7343831,0.57042515,0.26547676,0.0946406
1.8478498,3.429535,0.8498461,0.56118083,0.11989591,0.061400484
7.207138,0.99170494,0.60883003,0.5873904,0.2944725,0.18075737
3.911621,1.9250098,0.6997543,0.5570493,0.20585713,0.097108275
2.2936096,8.060623,0.81420285,0.51070476,0.16918164,0.06087011
3.4331646,1.1492126,0.73665994,0.5606105,0.15806045,0.08753614
4.0431137,1.3054442,0.67766666,0.5315497,0.18272626,0.09787192
0.9395083,6.6185703,0.9168798,0.5246233,0.08550296,0.0452762
2.7294958,4.3669467,0.7779789,0.5596862,0.20442235,0.07752895
3.793001,2.4431076,0.73138523,0.57627827,0.24306372,0.10564149
2.0388355,2.864769,0.8692048,0.5895791,0.13120824,0.068349905
1.5249147,5.274328,0.86895615,0.53580356,0.12477666,0.04895109
1.9493289,2.6777246,0.8793845,0.5930588,0.12252628,0.066340856
11.104723,0.27669823,0.49666354,0.5508673,0.5184791,0.40356198
0.7548024,6.9405093,0.93040675,0.52145875,0.074418865,0.044084113
4.954439,0.030007547,0.6203164,0.5875773,0.23958443,0.12626202
0.47736603,12.198432,0.96274966,0.4739835,0.043988634,0.049585246
1.4033533,12.403064,0.8945228,0.47077432,0.09324178,0.05578765
12.614524,0.025146797,0.4917568,0.5476051,0.6085511,0.52042437
5.4646187,1.7374588,0.6069581,0.5013958,0.22655538,0.121706165
0.88909614,3.269859,0.91043043,0.5496626,0.064018115,0.034885976
0.9571988,13.557611,0.9320108,0.46102208,0.062998414,0.05359769
0.54205436,11.890426,0.95773,0.476821,0.048170827,0.049725242
0.073910736,11.464646,0.98451823,0.48013136,0.029457984,0.046084393
0.08476325,3.0138543,0.9212571,0.5391812,0.024142772,0.020314056
0.62911975,6.1736503,0.93513244,0.5265416,0.069118604,0.04063096
2.9755988,1.958331,0.7659281,0.5686191,0.20680995,0.09218878
2.7311018,6.2373357,0.7911229,0.5397155,0.1893572,0.06694796
5.137377,0.6009028,0.62779284,0.5681853,0.24093665,0.13278593
5.767755,0.7138331,0.62447554,0.5755709,0.25741035,0.14891194
